user_id,password
1,mdp_user_1
2,mdp_user_2
3,mdp_user_3
4,mdp_user_4
5,mdp_user_5
6,mdp_user_6
7,mdp_user_7
8,mdp_user_8
9,mdp_user_9
10,mdp_user_10
11,mdp_user_11
12,mdp_user_12
13,mdp_user_13
14,mdp_user_14
15,mdp_user_15
16,mdp_user_16
17,mdp_user_17
18,mdp_user_18
19,mdp_user_19
20,mdp_user_20
21,mdp_user_21
22,mdp_user_22
23,mdp_user_23
24,mdp_user_24
25,mdp_user_25
26,mdp_user_26
27,mdp_user_27
28,mdp_user_28
29,mdp_user_29
30,mdp_user_30
31,mdp_user_31
32,mdp_user_32
33,mdp_user_33
34,mdp_user_34
35,mdp_user_35
36,mdp_user_36
37,mdp_user_37
38,mdp_user_38
39,mdp_user_39
40,mdp_user_40
41,mdp_user_41
42,mdp_user_42
43,mdp_user_43
44,mdp_user_44
45,mdp_user_45
46,mdp_user_46
47,mdp_user_47
48,mdp_user_48
49,mdp_user_49
50,mdp_user_50
51,mdp_user_51
52,mdp_user_52
53,mdp_user_53
54,mdp_user_54
55,mdp_user_55
56,mdp_user_56
57,mdp_user_57
58,mdp_user_58
59,mdp_user_59
60,mdp_user_60
61,mdp_user_61
62,mdp_user_62
63,mdp_user_63
64,mdp_user_64
65,mdp_user_65
66,mdp_user_66
67,mdp_user_67
68,mdp_user_68
69,mdp_user_69
70,mdp_user_70
71,mdp_user_71
72,mdp_user_72
73,mdp_user_73
74,mdp_user_74
75,mdp_user_75
76,mdp_user_76
77,mdp_user_77
78,mdp_user_78
79,mdp_user_79
80,mdp_user_80
81,mdp_user_81
82,mdp_user_82
83,mdp_user_83
84,mdp_user_84
85,mdp_user_85
86,mdp_user_86
87,mdp_user_87
88,mdp_user_88
89,mdp_user_89
90,mdp_user_90
91,mdp_user_91
92,mdp_user_92
93,mdp_user_93
94,mdp_user_94
95,mdp_user_95
96,mdp_user_96
97,mdp_user_97
98,mdp_user_98
99,mdp_user_99
100,mdp_user_100
101,mdp_user_101
102,mdp_user_102
103,mdp_user_103
104,mdp_user_104
105,mdp_user_105
106,mdp_user_106
107,mdp_user_107
108,mdp_user_108
109,mdp_user_109
110,mdp_user_110
111,mdp_user_111
112,mdp_user_112
113,mdp_user_113
114,mdp_user_114
115,mdp_user_115
116,mdp_user_116
117,mdp_user_117
118,mdp_user_118
119,mdp_user_119
120,mdp_user_120
121,mdp_user_121
122,mdp_user_122
123,mdp_user_123
124,mdp_user_124
125,mdp_user_125
126,mdp_user_126
127,mdp_user_127
128,mdp_user_128
129,mdp_user_129
130,mdp_user_130
131,mdp_user_131
132,mdp_user_132
133,mdp_user_133
134,mdp_user_134
135,mdp_user_135
136,mdp_user_136
137,mdp_user_137
138,mdp_user_138
139,mdp_user_139
140,mdp_user_140
141,mdp_user_141
142,mdp_user_142
143,mdp_user_143
144,mdp_user_144
145,mdp_user_145
146,mdp_user_146
147,mdp_user_147
148,mdp_user_148
149,mdp_user_149
150,mdp_user_150
151,mdp_user_151
152,mdp_user_152
153,mdp_user_153
154,mdp_user_154
155,mdp_user_155
156,mdp_user_156
157,mdp_user_157
158,mdp_user_158
159,mdp_user_159
160,mdp_user_160
161,mdp_user_161
162,mdp_user_162
163,mdp_user_163
164,mdp_user_164
165,mdp_user_165
166,mdp_user_166
167,mdp_user_167
168,mdp_user_168
169,mdp_user_169
170,mdp_user_170
171,mdp_user_171
172,mdp_user_172
173,mdp_user_173
174,mdp_user_174
175,mdp_user_175
176,mdp_user_176
177,mdp_user_177
178,mdp_user_178
179,mdp_user_179
180,mdp_user_180
181,mdp_user_181
182,mdp_user_182
183,mdp_user_183
184,mdp_user_184
185,mdp_user_185
186,mdp_user_186
187,mdp_user_187
188,mdp_user_188
189,mdp_user_189
190,mdp_user_190
191,mdp_user_191
192,mdp_user_192
193,mdp_user_193
194,mdp_user_194
195,mdp_user_195
196,mdp_user_196
197,mdp_user_197
198,mdp_user_198
199,mdp_user_199
200,mdp_user_200
201,mdp_user_201
202,mdp_user_202
203,mdp_user_203
204,mdp_user_204
205,mdp_user_205
206,mdp_user_206
207,mdp_user_207
208,mdp_user_208
209,mdp_user_209
210,mdp_user_210
211,mdp_user_211
212,mdp_user_212
213,mdp_user_213
214,mdp_user_214
215,mdp_user_215
216,mdp_user_216
217,mdp_user_217
218,mdp_user_218
219,mdp_user_219
220,mdp_user_220
221,mdp_user_221
222,mdp_user_222
223,mdp_user_223
224,mdp_user_224
225,mdp_user_225
226,mdp_user_226
227,mdp_user_227
228,mdp_user_228
229,mdp_user_229
230,mdp_user_230
231,mdp_user_231
232,mdp_user_232
233,mdp_user_233
234,mdp_user_234
235,mdp_user_235
236,mdp_user_236
237,mdp_user_237
238,mdp_user_238
239,mdp_user_239
240,mdp_user_240
241,mdp_user_241
242,mdp_user_242
243,mdp_user_243
244,mdp_user_244
245,mdp_user_245
246,mdp_user_246
247,mdp_user_247
248,mdp_user_248
249,mdp_user_249
250,mdp_user_250
251,mdp_user_251
252,mdp_user_252
253,mdp_user_253
254,mdp_user_254
255,mdp_user_255
256,mdp_user_256
257,mdp_user_257
258,mdp_user_258
259,mdp_user_259
260,mdp_user_260
261,mdp_user_261
262,mdp_user_262
263,mdp_user_263
264,mdp_user_264
265,mdp_user_265
266,mdp_user_266
267,mdp_user_267
268,mdp_user_268
269,mdp_user_269
270,mdp_user_270
271,mdp_user_271
272,mdp_user_272
273,mdp_user_273
274,mdp_user_274
275,mdp_user_275
276,mdp_user_276
277,mdp_user_277
278,mdp_user_278
279,mdp_user_279
280,mdp_user_280
281,mdp_user_281
282,mdp_user_282
283,mdp_user_283
284,mdp_user_284
285,mdp_user_285
286,mdp_user_286
287,mdp_user_287
288,mdp_user_288
289,mdp_user_289
290,mdp_user_290
291,mdp_user_291
292,mdp_user_292
293,mdp_user_293
294,mdp_user_294
295,mdp_user_295
296,mdp_user_296
297,mdp_user_297
298,mdp_user_298
299,mdp_user_299
300,mdp_user_300
301,mdp_user_301
302,mdp_user_302
303,mdp_user_303
304,mdp_user_304
305,mdp_user_305
306,mdp_user_306
307,mdp_user_307
308,mdp_user_308
309,mdp_user_309
310,mdp_user_310
311,mdp_user_311
312,mdp_user_312
313,mdp_user_313
314,mdp_user_314
315,mdp_user_315
316,mdp_user_316
317,mdp_user_317
318,mdp_user_318
319,mdp_user_319
320,mdp_user_320
321,mdp_user_321
322,mdp_user_322
323,mdp_user_323
324,mdp_user_324
325,mdp_user_325
326,mdp_user_326
327,mdp_user_327
328,mdp_user_328
329,mdp_user_329
330,mdp_user_330
331,mdp_user_331
332,mdp_user_332
333,mdp_user_333
334,mdp_user_334
335,mdp_user_335
336,mdp_user_336
337,mdp_user_337
338,mdp_user_338
339,mdp_user_339
340,mdp_user_340
341,mdp_user_341
342,mdp_user_342
343,mdp_user_343
344,mdp_user_344
345,mdp_user_345
346,mdp_user_346
347,mdp_user_347
348,mdp_user_348
349,mdp_user_349
350,mdp_user_350
351,mdp_user_351
352,mdp_user_352
353,mdp_user_353
354,mdp_user_354
355,mdp_user_355
356,mdp_user_356
357,mdp_user_357
358,mdp_user_358
359,mdp_user_359
360,mdp_user_360
361,mdp_user_361
362,mdp_user_362
363,mdp_user_363
364,mdp_user_364
365,mdp_user_365
366,mdp_user_366
367,mdp_user_367
368,mdp_user_368
369,mdp_user_369
370,mdp_user_370
371,mdp_user_371
372,mdp_user_372
373,mdp_user_373
374,mdp_user_374
375,mdp_user_375
376,mdp_user_376
377,mdp_user_377
378,mdp_user_378
379,mdp_user_379
380,mdp_user_380
381,mdp_user_381
382,mdp_user_382
383,mdp_user_383
384,mdp_user_384
385,mdp_user_385
386,mdp_user_386
387,mdp_user_387
388,mdp_user_388
389,mdp_user_389
390,mdp_user_390
391,mdp_user_391
392,mdp_user_392
393,mdp_user_393
394,mdp_user_394
395,mdp_user_395
396,mdp_user_396
397,mdp_user_397
398,mdp_user_398
399,mdp_user_399
400,mdp_user_400
401,mdp_user_401
402,mdp_user_402
403,mdp_user_403
404,mdp_user_404
405,mdp_user_405
406,mdp_user_406
407,mdp_user_407
408,mdp_user_408
409,mdp_user_409
410,mdp_user_410
411,mdp_user_411
412,mdp_user_412
413,mdp_user_413
414,mdp_user_414
415,mdp_user_415
416,mdp_user_416
417,mdp_user_417
418,mdp_user_418
419,mdp_user_419
420,mdp_user_420
421,mdp_user_421
422,mdp_user_422
423,mdp_user_423
424,mdp_user_424
425,mdp_user_425
426,mdp_user_426
427,mdp_user_427
428,mdp_user_428
429,mdp_user_429
430,mdp_user_430
431,mdp_user_431
432,mdp_user_432
433,mdp_user_433
434,mdp_user_434
435,mdp_user_435
436,mdp_user_436
437,mdp_user_437
438,mdp_user_438
439,mdp_user_439
440,mdp_user_440
441,mdp_user_441
442,mdp_user_442
443,mdp_user_443
444,mdp_user_444
445,mdp_user_445
446,mdp_user_446
447,mdp_user_447
448,mdp_user_448
449,mdp_user_449
450,mdp_user_450
451,mdp_user_451
452,mdp_user_452
453,mdp_user_453
454,mdp_user_454
455,mdp_user_455
456,mdp_user_456
457,mdp_user_457
458,mdp_user_458
459,mdp_user_459
460,mdp_user_460
461,mdp_user_461
462,mdp_user_462
463,mdp_user_463
464,mdp_user_464
465,mdp_user_465
466,mdp_user_466
467,mdp_user_467
468,mdp_user_468
469,mdp_user_469
470,mdp_user_470
471,mdp_user_471
472,mdp_user_472
473,mdp_user_473
474,mdp_user_474
475,mdp_user_475
476,mdp_user_476
477,mdp_user_477
478,mdp_user_478
479,mdp_user_479
480,mdp_user_480
481,mdp_user_481
482,mdp_user_482
483,mdp_user_483
484,mdp_user_484
485,mdp_user_485
486,mdp_user_486
487,mdp_user_487
488,mdp_user_488
489,mdp_user_489
490,mdp_user_490
491,mdp_user_491
492,mdp_user_492
493,mdp_user_493
494,mdp_user_494
495,mdp_user_495
496,mdp_user_496
497,mdp_user_497
498,mdp_user_498
499,mdp_user_499
500,mdp_user_500
501,mdp_user_501
502,mdp_user_502
503,mdp_user_503
504,mdp_user_504
505,mdp_user_505
506,mdp_user_506
507,mdp_user_507
508,mdp_user_508
509,mdp_user_509
510,mdp_user_510
511,mdp_user_511
512,mdp_user_512
513,mdp_user_513
514,mdp_user_514
515,mdp_user_515
516,mdp_user_516
517,mdp_user_517
518,mdp_user_518
519,mdp_user_519
520,mdp_user_520
521,mdp_user_521
522,mdp_user_522
523,mdp_user_523
524,mdp_user_524
525,mdp_user_525
526,mdp_user_526
527,mdp_user_527
528,mdp_user_528
529,mdp_user_529
530,mdp_user_530
531,mdp_user_531
532,mdp_user_532
533,mdp_user_533
534,mdp_user_534
535,mdp_user_535
536,mdp_user_536
537,mdp_user_537
538,mdp_user_538
539,mdp_user_539
540,mdp_user_540
541,mdp_user_541
542,mdp_user_542
543,mdp_user_543
544,mdp_user_544
545,mdp_user_545
546,mdp_user_546
547,mdp_user_547
548,mdp_user_548
549,mdp_user_549
550,mdp_user_550
551,mdp_user_551
552,mdp_user_552
553,mdp_user_553
554,mdp_user_554
555,mdp_user_555
556,mdp_user_556
557,mdp_user_557
558,mdp_user_558
559,mdp_user_559
560,mdp_user_560
561,mdp_user_561
562,mdp_user_562
563,mdp_user_563
564,mdp_user_564
565,mdp_user_565
566,mdp_user_566
567,mdp_user_567
568,mdp_user_568
569,mdp_user_569
570,mdp_user_570
571,mdp_user_571
572,mdp_user_572
573,mdp_user_573
574,mdp_user_574
575,mdp_user_575
576,mdp_user_576
577,mdp_user_577
578,mdp_user_578
579,mdp_user_579
580,mdp_user_580
581,mdp_user_581
582,mdp_user_582
583,mdp_user_583
584,mdp_user_584
585,mdp_user_585
586,mdp_user_586
587,mdp_user_587
588,mdp_user_588
589,mdp_user_589
590,mdp_user_590
591,mdp_user_591
592,mdp_user_592
593,mdp_user_593
594,mdp_user_594
595,mdp_user_595
596,mdp_user_596
597,mdp_user_597
598,mdp_user_598
599,mdp_user_599
600,mdp_user_600
601,mdp_user_601
602,mdp_user_602
603,mdp_user_603
604,mdp_user_604
605,mdp_user_605
606,mdp_user_606
607,mdp_user_607
608,mdp_user_608
609,mdp_user_609
610,mdp_user_610
611,mdp_user_611
612,mdp_user_612
613,mdp_user_613
614,mdp_user_614
615,mdp_user_615
616,mdp_user_616
617,mdp_user_617
618,mdp_user_618
619,mdp_user_619
620,mdp_user_620
621,mdp_user_621
622,mdp_user_622
623,mdp_user_623
624,mdp_user_624
625,mdp_user_625
626,mdp_user_626
627,mdp_user_627
628,mdp_user_628
629,mdp_user_629
630,mdp_user_630
631,mdp_user_631
632,mdp_user_632
633,mdp_user_633
634,mdp_user_634
635,mdp_user_635
636,mdp_user_636
637,mdp_user_637
638,mdp_user_638
639,mdp_user_639
640,mdp_user_640
641,mdp_user_641
642,mdp_user_642
643,mdp_user_643
644,mdp_user_644
645,mdp_user_645
646,mdp_user_646
647,mdp_user_647
648,mdp_user_648
649,mdp_user_649
650,mdp_user_650
651,mdp_user_651
652,mdp_user_652
653,mdp_user_653
654,mdp_user_654
655,mdp_user_655
656,mdp_user_656
657,mdp_user_657
658,mdp_user_658
659,mdp_user_659
660,mdp_user_660
661,mdp_user_661
662,mdp_user_662
663,mdp_user_663
664,mdp_user_664
665,mdp_user_665
666,mdp_user_666
667,mdp_user_667
668,mdp_user_668
669,mdp_user_669
670,mdp_user_670
671,mdp_user_671
672,mdp_user_672
673,mdp_user_673
674,mdp_user_674
675,mdp_user_675
676,mdp_user_676
677,mdp_user_677
678,mdp_user_678
679,mdp_user_679
680,mdp_user_680
681,mdp_user_681
682,mdp_user_682
683,mdp_user_683
684,mdp_user_684
685,mdp_user_685
686,mdp_user_686
687,mdp_user_687
688,mdp_user_688
689,mdp_user_689
690,mdp_user_690
691,mdp_user_691
692,mdp_user_692
693,mdp_user_693
694,mdp_user_694
695,mdp_user_695
696,mdp_user_696
697,mdp_user_697
698,mdp_user_698
699,mdp_user_699
700,mdp_user_700
701,mdp_user_701
702,mdp_user_702
703,mdp_user_703
704,mdp_user_704
705,mdp_user_705
706,mdp_user_706
707,mdp_user_707
708,mdp_user_708
709,mdp_user_709
710,mdp_user_710
711,mdp_user_711
712,mdp_user_712
713,mdp_user_713
714,mdp_user_714
715,mdp_user_715
716,mdp_user_716
717,mdp_user_717
718,mdp_user_718
719,mdp_user_719
720,mdp_user_720
721,mdp_user_721
722,mdp_user_722
723,mdp_user_723
724,mdp_user_724
725,mdp_user_725
726,mdp_user_726
727,mdp_user_727
728,mdp_user_728
729,mdp_user_729
730,mdp_user_730
731,mdp_user_731
732,mdp_user_732
733,mdp_user_733
734,mdp_user_734
735,mdp_user_735
736,mdp_user_736
737,mdp_user_737
738,mdp_user_738
739,mdp_user_739
740,mdp_user_740
741,mdp_user_741
742,mdp_user_742
743,mdp_user_743
744,mdp_user_744
745,mdp_user_745
746,mdp_user_746
747,mdp_user_747
748,mdp_user_748
749,mdp_user_749
750,mdp_user_750
751,mdp_user_751
752,mdp_user_752
753,mdp_user_753
754,mdp_user_754
755,mdp_user_755
756,mdp_user_756
757,mdp_user_757
758,mdp_user_758
759,mdp_user_759
760,mdp_user_760
761,mdp_user_761
762,mdp_user_762
763,mdp_user_763
764,mdp_user_764
765,mdp_user_765
766,mdp_user_766
767,mdp_user_767
768,mdp_user_768
769,mdp_user_769
770,mdp_user_770
771,mdp_user_771
772,mdp_user_772
773,mdp_user_773
774,mdp_user_774
775,mdp_user_775
776,mdp_user_776
777,mdp_user_777
778,mdp_user_778
779,mdp_user_779
780,mdp_user_780
781,mdp_user_781
782,mdp_user_782
783,mdp_user_783
784,mdp_user_784
785,mdp_user_785
786,mdp_user_786
787,mdp_user_787
788,mdp_user_788
789,mdp_user_789
790,mdp_user_790
791,mdp_user_791
792,mdp_user_792
793,mdp_user_793
794,mdp_user_794
795,mdp_user_795
796,mdp_user_796
797,mdp_user_797
798,mdp_user_798
799,mdp_user_799
800,mdp_user_800
801,mdp_user_801
802,mdp_user_802
803,mdp_user_803
804,mdp_user_804
805,mdp_user_805
806,mdp_user_806
807,mdp_user_807
808,mdp_user_808
809,mdp_user_809
810,mdp_user_810
811,mdp_user_811
812,mdp_user_812
813,mdp_user_813
814,mdp_user_814
815,mdp_user_815
816,mdp_user_816
817,mdp_user_817
818,mdp_user_818
819,mdp_user_819
820,mdp_user_820
821,mdp_user_821
822,mdp_user_822
823,mdp_user_823
824,mdp_user_824
825,mdp_user_825
826,mdp_user_826
827,mdp_user_827
828,mdp_user_828
829,mdp_user_829
830,mdp_user_830
831,mdp_user_831
832,mdp_user_832
833,mdp_user_833
834,mdp_user_834
835,mdp_user_835
836,mdp_user_836
837,mdp_user_837
838,mdp_user_838
839,mdp_user_839
840,mdp_user_840
841,mdp_user_841
842,mdp_user_842
843,mdp_user_843
844,mdp_user_844
845,mdp_user_845
846,mdp_user_846
847,mdp_user_847
848,mdp_user_848
849,mdp_user_849
850,mdp_user_850
851,mdp_user_851
852,mdp_user_852
853,mdp_user_853
854,mdp_user_854
855,mdp_user_855
856,mdp_user_856
857,mdp_user_857
858,mdp_user_858
859,mdp_user_859
860,mdp_user_860
861,mdp_user_861
862,mdp_user_862
863,mdp_user_863
864,mdp_user_864
865,mdp_user_865
866,mdp_user_866
867,mdp_user_867
868,mdp_user_868
869,mdp_user_869
870,mdp_user_870
871,mdp_user_871
872,mdp_user_872
873,mdp_user_873
874,mdp_user_874
875,mdp_user_875
876,mdp_user_876
877,mdp_user_877
878,mdp_user_878
879,mdp_user_879
880,mdp_user_880
881,mdp_user_881
882,mdp_user_882
883,mdp_user_883
884,mdp_user_884
885,mdp_user_885
886,mdp_user_886
887,mdp_user_887
888,mdp_user_888
889,mdp_user_889
890,mdp_user_890
891,mdp_user_891
892,mdp_user_892
893,mdp_user_893
894,mdp_user_894
895,mdp_user_895
896,mdp_user_896
897,mdp_user_897
898,mdp_user_898
899,mdp_user_899
900,mdp_user_900
901,mdp_user_901
902,mdp_user_902
903,mdp_user_903
904,mdp_user_904
905,mdp_user_905
906,mdp_user_906
907,mdp_user_907
908,mdp_user_908
909,mdp_user_909
910,mdp_user_910
911,mdp_user_911
912,mdp_user_912
913,mdp_user_913
914,mdp_user_914
915,mdp_user_915
916,mdp_user_916
917,mdp_user_917
918,mdp_user_918
919,mdp_user_919
920,mdp_user_920
921,mdp_user_921
922,mdp_user_922
923,mdp_user_923
924,mdp_user_924
925,mdp_user_925
926,mdp_user_926
927,mdp_user_927
928,mdp_user_928
929,mdp_user_929
930,mdp_user_930
931,mdp_user_931
932,mdp_user_932
933,mdp_user_933
934,mdp_user_934
935,mdp_user_935
936,mdp_user_936
937,mdp_user_937
938,mdp_user_938
939,mdp_user_939
940,mdp_user_940
941,mdp_user_941
942,mdp_user_942
943,mdp_user_943
944,mdp_user_944
945,mdp_user_945
946,mdp_user_946
947,mdp_user_947
948,mdp_user_948
949,mdp_user_949
950,mdp_user_950
951,mdp_user_951
952,mdp_user_952
953,mdp_user_953
954,mdp_user_954
955,mdp_user_955
956,mdp_user_956
957,mdp_user_957
958,mdp_user_958
959,mdp_user_959
960,mdp_user_960
961,mdp_user_961
962,mdp_user_962
963,mdp_user_963
964,mdp_user_964
965,mdp_user_965
966,mdp_user_966
967,mdp_user_967
968,mdp_user_968
969,mdp_user_969
970,mdp_user_970
971,mdp_user_971
972,mdp_user_972
973,mdp_user_973
974,mdp_user_974
975,mdp_user_975
976,mdp_user_976
977,mdp_user_977
978,mdp_user_978
979,mdp_user_979
980,mdp_user_980
981,mdp_user_981
982,mdp_user_982
983,mdp_user_983
984,mdp_user_984
985,mdp_user_985
986,mdp_user_986
987,mdp_user_987
988,mdp_user_988
989,mdp_user_989
990,mdp_user_990
991,mdp_user_991
992,mdp_user_992
993,mdp_user_993
994,mdp_user_994
995,mdp_user_995
996,mdp_user_996
997,mdp_user_997
998,mdp_user_998
999,mdp_user_999
1000,mdp_user_1000
1001,mdp_user_1001
1002,mdp_user_1002
1003,mdp_user_1003
1004,mdp_user_1004
1005,mdp_user_1005
1006,mdp_user_1006
1007,mdp_user_1007
1008,mdp_user_1008
1009,mdp_user_1009
1010,mdp_user_1010
1011,mdp_user_1011
1012,mdp_user_1012
1013,mdp_user_1013
1014,mdp_user_1014
1015,mdp_user_1015
1016,mdp_user_1016
1017,mdp_user_1017
1018,mdp_user_1018
1019,mdp_user_1019
1020,mdp_user_1020
1021,mdp_user_1021
1022,mdp_user_1022
1023,mdp_user_1023
1024,mdp_user_1024
1025,mdp_user_1025
1026,mdp_user_1026
1027,mdp_user_1027
1028,mdp_user_1028
1029,mdp_user_1029
1030,mdp_user_1030
1031,mdp_user_1031
1032,mdp_user_1032
1033,mdp_user_1033
1034,mdp_user_1034
1035,mdp_user_1035
1036,mdp_user_1036
1037,mdp_user_1037
1038,mdp_user_1038
1039,mdp_user_1039
1040,mdp_user_1040
1041,mdp_user_1041
1042,mdp_user_1042
1043,mdp_user_1043
1044,mdp_user_1044
1045,mdp_user_1045
1046,mdp_user_1046
1047,mdp_user_1047
1048,mdp_user_1048
1049,mdp_user_1049
1050,mdp_user_1050
1051,mdp_user_1051
1052,mdp_user_1052
1053,mdp_user_1053
1054,mdp_user_1054
1055,mdp_user_1055
1056,mdp_user_1056
1057,mdp_user_1057
1058,mdp_user_1058
1059,mdp_user_1059
1060,mdp_user_1060
1061,mdp_user_1061
1062,mdp_user_1062
1063,mdp_user_1063
1064,mdp_user_1064
1065,mdp_user_1065
1066,mdp_user_1066
1067,mdp_user_1067
1068,mdp_user_1068
1069,mdp_user_1069
1070,mdp_user_1070
1071,mdp_user_1071
1072,mdp_user_1072
1073,mdp_user_1073
1074,mdp_user_1074
1075,mdp_user_1075
1076,mdp_user_1076
1077,mdp_user_1077
1078,mdp_user_1078
1079,mdp_user_1079
1080,mdp_user_1080
1081,mdp_user_1081
1082,mdp_user_1082
1083,mdp_user_1083
1084,mdp_user_1084
1085,mdp_user_1085
1086,mdp_user_1086
1087,mdp_user_1087
1088,mdp_user_1088
1089,mdp_user_1089
1090,mdp_user_1090
1091,mdp_user_1091
1092,mdp_user_1092
1093,mdp_user_1093
1094,mdp_user_1094
1095,mdp_user_1095
1096,mdp_user_1096
1097,mdp_user_1097
1098,mdp_user_1098
1099,mdp_user_1099
1100,mdp_user_1100
1101,mdp_user_1101
1102,mdp_user_1102
1103,mdp_user_1103
1104,mdp_user_1104
1105,mdp_user_1105
1106,mdp_user_1106
1107,mdp_user_1107
1108,mdp_user_1108
1109,mdp_user_1109
1110,mdp_user_1110
1111,mdp_user_1111
1112,mdp_user_1112
1113,mdp_user_1113
1114,mdp_user_1114
1115,mdp_user_1115
1116,mdp_user_1116
1117,mdp_user_1117
1118,mdp_user_1118
1119,mdp_user_1119
1120,mdp_user_1120
1121,mdp_user_1121
1122,mdp_user_1122
1123,mdp_user_1123
1124,mdp_user_1124
1125,mdp_user_1125
1126,mdp_user_1126
1127,mdp_user_1127
1128,mdp_user_1128
1129,mdp_user_1129
1130,mdp_user_1130
1131,mdp_user_1131
1132,mdp_user_1132
1133,mdp_user_1133
1134,mdp_user_1134
1135,mdp_user_1135
1136,mdp_user_1136
1137,mdp_user_1137
1138,mdp_user_1138
1139,mdp_user_1139
1140,mdp_user_1140
1141,mdp_user_1141
1142,mdp_user_1142
1143,mdp_user_1143
1144,mdp_user_1144
1145,mdp_user_1145
1146,mdp_user_1146
1147,mdp_user_1147
1148,mdp_user_1148
1149,mdp_user_1149
1150,mdp_user_1150
1151,mdp_user_1151
1152,mdp_user_1152
1153,mdp_user_1153
1154,mdp_user_1154
1155,mdp_user_1155
1156,mdp_user_1156
1157,mdp_user_1157
1158,mdp_user_1158
1159,mdp_user_1159
1160,mdp_user_1160
1161,mdp_user_1161
1162,mdp_user_1162
1163,mdp_user_1163
1164,mdp_user_1164
1165,mdp_user_1165
1166,mdp_user_1166
1167,mdp_user_1167
1168,mdp_user_1168
1169,mdp_user_1169
1170,mdp_user_1170
1171,mdp_user_1171
1172,mdp_user_1172
1173,mdp_user_1173
1174,mdp_user_1174
1175,mdp_user_1175
1176,mdp_user_1176
1177,mdp_user_1177
1178,mdp_user_1178
1179,mdp_user_1179
1180,mdp_user_1180
1181,mdp_user_1181
1182,mdp_user_1182
1183,mdp_user_1183
1184,mdp_user_1184
1185,mdp_user_1185
1186,mdp_user_1186
1187,mdp_user_1187
1188,mdp_user_1188
1189,mdp_user_1189
1190,mdp_user_1190
1191,mdp_user_1191
1192,mdp_user_1192
1193,mdp_user_1193
1194,mdp_user_1194
1195,mdp_user_1195
1196,mdp_user_1196
1197,mdp_user_1197
1198,mdp_user_1198
1199,mdp_user_1199
1200,mdp_user_1200
1201,mdp_user_1201
1202,mdp_user_1202
1203,mdp_user_1203
1204,mdp_user_1204
1205,mdp_user_1205
1206,mdp_user_1206
1207,mdp_user_1207
1208,mdp_user_1208
1209,mdp_user_1209
1210,mdp_user_1210
1211,mdp_user_1211
1212,mdp_user_1212
1213,mdp_user_1213
1214,mdp_user_1214
1215,mdp_user_1215
1216,mdp_user_1216
1217,mdp_user_1217
1218,mdp_user_1218
1219,mdp_user_1219
1220,mdp_user_1220
1221,mdp_user_1221
1222,mdp_user_1222
1223,mdp_user_1223
1224,mdp_user_1224
1225,mdp_user_1225
1226,mdp_user_1226
1227,mdp_user_1227
1228,mdp_user_1228
1229,mdp_user_1229
1230,mdp_user_1230
1231,mdp_user_1231
1232,mdp_user_1232
1233,mdp_user_1233
1234,mdp_user_1234
1235,mdp_user_1235
1236,mdp_user_1236
1237,mdp_user_1237
1238,mdp_user_1238
1239,mdp_user_1239
1240,mdp_user_1240
1241,mdp_user_1241
1242,mdp_user_1242
1243,mdp_user_1243
1244,mdp_user_1244
1245,mdp_user_1245
1246,mdp_user_1246
1247,mdp_user_1247
1248,mdp_user_1248
1249,mdp_user_1249
1250,mdp_user_1250
1251,mdp_user_1251
1252,mdp_user_1252
1253,mdp_user_1253
1254,mdp_user_1254
1255,mdp_user_1255
1256,mdp_user_1256
1257,mdp_user_1257
1258,mdp_user_1258
1259,mdp_user_1259
1260,mdp_user_1260
1261,mdp_user_1261
1262,mdp_user_1262
1263,mdp_user_1263
1264,mdp_user_1264
1265,mdp_user_1265
1266,mdp_user_1266
1267,mdp_user_1267
1268,mdp_user_1268
1269,mdp_user_1269
1270,mdp_user_1270
1271,mdp_user_1271
1272,mdp_user_1272
1273,mdp_user_1273
1274,mdp_user_1274
1275,mdp_user_1275
1276,mdp_user_1276
1277,mdp_user_1277
1278,mdp_user_1278
1279,mdp_user_1279
1280,mdp_user_1280
1281,mdp_user_1281
1282,mdp_user_1282
1283,mdp_user_1283
1284,mdp_user_1284
1285,mdp_user_1285
1286,mdp_user_1286
1287,mdp_user_1287
1288,mdp_user_1288
1289,mdp_user_1289
1290,mdp_user_1290
1291,mdp_user_1291
1292,mdp_user_1292
1293,mdp_user_1293
1294,mdp_user_1294
1295,mdp_user_1295
1296,mdp_user_1296
1297,mdp_user_1297
1298,mdp_user_1298
1299,mdp_user_1299
1300,mdp_user_1300
1301,mdp_user_1301
1302,mdp_user_1302
1303,mdp_user_1303
1304,mdp_user_1304
1305,mdp_user_1305
1306,mdp_user_1306
1307,mdp_user_1307
1308,mdp_user_1308
1309,mdp_user_1309
1310,mdp_user_1310
1311,mdp_user_1311
1312,mdp_user_1312
1313,mdp_user_1313
1314,mdp_user_1314
1315,mdp_user_1315
1316,mdp_user_1316
1317,mdp_user_1317
1318,mdp_user_1318
1319,mdp_user_1319
1320,mdp_user_1320
1321,mdp_user_1321
1322,mdp_user_1322
1323,mdp_user_1323
1324,mdp_user_1324
1325,mdp_user_1325
1326,mdp_user_1326
1327,mdp_user_1327
1328,mdp_user_1328
1329,mdp_user_1329
1330,mdp_user_1330
1331,mdp_user_1331
1332,mdp_user_1332
1333,mdp_user_1333
1334,mdp_user_1334
1335,mdp_user_1335
1336,mdp_user_1336
1337,mdp_user_1337
1338,mdp_user_1338
1339,mdp_user_1339
1340,mdp_user_1340
1341,mdp_user_1341
1342,mdp_user_1342
1343,mdp_user_1343
1344,mdp_user_1344
1345,mdp_user_1345
1346,mdp_user_1346
1347,mdp_user_1347
1348,mdp_user_1348
1349,mdp_user_1349
1350,mdp_user_1350
1351,mdp_user_1351
1352,mdp_user_1352
1353,mdp_user_1353
1354,mdp_user_1354
1355,mdp_user_1355
1356,mdp_user_1356
1357,mdp_user_1357
1358,mdp_user_1358
1359,mdp_user_1359
1360,mdp_user_1360
1361,mdp_user_1361
1362,mdp_user_1362
1363,mdp_user_1363
1364,mdp_user_1364
1365,mdp_user_1365
1366,mdp_user_1366
1367,mdp_user_1367
1368,mdp_user_1368
1369,mdp_user_1369
1370,mdp_user_1370
1371,mdp_user_1371
1372,mdp_user_1372
1373,mdp_user_1373
1374,mdp_user_1374
1375,mdp_user_1375
1376,mdp_user_1376
1377,mdp_user_1377
1378,mdp_user_1378
1379,mdp_user_1379
1380,mdp_user_1380
1381,mdp_user_1381
1382,mdp_user_1382
1383,mdp_user_1383
1384,mdp_user_1384
1385,mdp_user_1385
1386,mdp_user_1386
1387,mdp_user_1387
1388,mdp_user_1388
1389,mdp_user_1389
1390,mdp_user_1390
1391,mdp_user_1391
1392,mdp_user_1392
1393,mdp_user_1393
1394,mdp_user_1394
1395,mdp_user_1395
1396,mdp_user_1396
1397,mdp_user_1397
1398,mdp_user_1398
1399,mdp_user_1399
1400,mdp_user_1400
1401,mdp_user_1401
1402,mdp_user_1402
1403,mdp_user_1403
1404,mdp_user_1404
1405,mdp_user_1405
1406,mdp_user_1406
1407,mdp_user_1407
1408,mdp_user_1408
1409,mdp_user_1409
1410,mdp_user_1410
1411,mdp_user_1411
1412,mdp_user_1412
1413,mdp_user_1413
1414,mdp_user_1414
1415,mdp_user_1415
1416,mdp_user_1416
1417,mdp_user_1417
1418,mdp_user_1418
1419,mdp_user_1419
1420,mdp_user_1420
1421,mdp_user_1421
1422,mdp_user_1422
1423,mdp_user_1423
1424,mdp_user_1424
1425,mdp_user_1425
1426,mdp_user_1426
1427,mdp_user_1427
1428,mdp_user_1428
1429,mdp_user_1429
1430,mdp_user_1430
1431,mdp_user_1431
1432,mdp_user_1432
1433,mdp_user_1433
1434,mdp_user_1434
1435,mdp_user_1435
1436,mdp_user_1436
1437,mdp_user_1437
1438,mdp_user_1438
1439,mdp_user_1439
1440,mdp_user_1440
1441,mdp_user_1441
1442,mdp_user_1442
1443,mdp_user_1443
1444,mdp_user_1444
1445,mdp_user_1445
1446,mdp_user_1446
1447,mdp_user_1447
1448,mdp_user_1448
1449,mdp_user_1449
1450,mdp_user_1450
1451,mdp_user_1451
1452,mdp_user_1452
1453,mdp_user_1453
1454,mdp_user_1454
1455,mdp_user_1455
1456,mdp_user_1456
1457,mdp_user_1457
1458,mdp_user_1458
1459,mdp_user_1459
1460,mdp_user_1460
1461,mdp_user_1461
1462,mdp_user_1462
1463,mdp_user_1463
1464,mdp_user_1464
1465,mdp_user_1465
1466,mdp_user_1466
1467,mdp_user_1467
1468,mdp_user_1468
1469,mdp_user_1469
1470,mdp_user_1470
1471,mdp_user_1471
1472,mdp_user_1472
1473,mdp_user_1473
1474,mdp_user_1474
1475,mdp_user_1475
1476,mdp_user_1476
1477,mdp_user_1477
1478,mdp_user_1478
1479,mdp_user_1479
1480,mdp_user_1480
1481,mdp_user_1481
1482,mdp_user_1482
1483,mdp_user_1483
1484,mdp_user_1484
1485,mdp_user_1485
1486,mdp_user_1486
1487,mdp_user_1487
1488,mdp_user_1488
1489,mdp_user_1489
1490,mdp_user_1490
1491,mdp_user_1491
1492,mdp_user_1492
1493,mdp_user_1493
1494,mdp_user_1494
1495,mdp_user_1495
1496,mdp_user_1496
1497,mdp_user_1497
1498,mdp_user_1498
1499,mdp_user_1499
1500,mdp_user_1500
1501,mdp_user_1501
1502,mdp_user_1502
1503,mdp_user_1503
1504,mdp_user_1504
1505,mdp_user_1505
1506,mdp_user_1506
1507,mdp_user_1507
1508,mdp_user_1508
1509,mdp_user_1509
1510,mdp_user_1510
1511,mdp_user_1511
1512,mdp_user_1512
1513,mdp_user_1513
1514,mdp_user_1514
1515,mdp_user_1515
1516,mdp_user_1516
1517,mdp_user_1517
1518,mdp_user_1518
1519,mdp_user_1519
1520,mdp_user_1520
1521,mdp_user_1521
1522,mdp_user_1522
1523,mdp_user_1523
1524,mdp_user_1524
1525,mdp_user_1525
1526,mdp_user_1526
1527,mdp_user_1527
1528,mdp_user_1528
1529,mdp_user_1529
1530,mdp_user_1530
1531,mdp_user_1531
1532,mdp_user_1532
1533,mdp_user_1533
1534,mdp_user_1534
1535,mdp_user_1535
1536,mdp_user_1536
1537,mdp_user_1537
1538,mdp_user_1538
1539,mdp_user_1539
1540,mdp_user_1540
1541,mdp_user_1541
1542,mdp_user_1542
1543,mdp_user_1543
1544,mdp_user_1544
1545,mdp_user_1545
1546,mdp_user_1546
1547,mdp_user_1547
1548,mdp_user_1548
1549,mdp_user_1549
1550,mdp_user_1550
1551,mdp_user_1551
1552,mdp_user_1552
1553,mdp_user_1553
1554,mdp_user_1554
1555,mdp_user_1555
1556,mdp_user_1556
1557,mdp_user_1557
1558,mdp_user_1558
1559,mdp_user_1559
1560,mdp_user_1560
1561,mdp_user_1561
1562,mdp_user_1562
1563,mdp_user_1563
1564,mdp_user_1564
1565,mdp_user_1565
1566,mdp_user_1566
1567,mdp_user_1567
1568,mdp_user_1568
1569,mdp_user_1569
1570,mdp_user_1570
1571,mdp_user_1571
1572,mdp_user_1572
1573,mdp_user_1573
1574,mdp_user_1574
1575,mdp_user_1575
1576,mdp_user_1576
1577,mdp_user_1577
1578,mdp_user_1578
1579,mdp_user_1579
1580,mdp_user_1580
1581,mdp_user_1581
1582,mdp_user_1582
1583,mdp_user_1583
1584,mdp_user_1584
1585,mdp_user_1585
1586,mdp_user_1586
1587,mdp_user_1587
1588,mdp_user_1588
1589,mdp_user_1589
1590,mdp_user_1590
1591,mdp_user_1591
1592,mdp_user_1592
1593,mdp_user_1593
1594,mdp_user_1594
1595,mdp_user_1595
1596,mdp_user_1596
1597,mdp_user_1597
1598,mdp_user_1598
1599,mdp_user_1599
1600,mdp_user_1600
1601,mdp_user_1601
1602,mdp_user_1602
1603,mdp_user_1603
1604,mdp_user_1604
1605,mdp_user_1605
1606,mdp_user_1606
1607,mdp_user_1607
1608,mdp_user_1608
1609,mdp_user_1609
1610,mdp_user_1610
1611,mdp_user_1611
1612,mdp_user_1612
1613,mdp_user_1613
1614,mdp_user_1614
1615,mdp_user_1615
1616,mdp_user_1616
1617,mdp_user_1617
1618,mdp_user_1618
1619,mdp_user_1619
1620,mdp_user_1620
1621,mdp_user_1621
1622,mdp_user_1622
1623,mdp_user_1623
1624,mdp_user_1624
1625,mdp_user_1625
1626,mdp_user_1626
1627,mdp_user_1627
1628,mdp_user_1628
1629,mdp_user_1629
1630,mdp_user_1630
1631,mdp_user_1631
1632,mdp_user_1632
1633,mdp_user_1633
1634,mdp_user_1634
1635,mdp_user_1635
1636,mdp_user_1636
1637,mdp_user_1637
1638,mdp_user_1638
1639,mdp_user_1639
1640,mdp_user_1640
1641,mdp_user_1641
1642,mdp_user_1642
1643,mdp_user_1643
1644,mdp_user_1644
1645,mdp_user_1645
1646,mdp_user_1646
1647,mdp_user_1647
1648,mdp_user_1648
1649,mdp_user_1649
1650,mdp_user_1650
1651,mdp_user_1651
1652,mdp_user_1652
1653,mdp_user_1653
1654,mdp_user_1654
1655,mdp_user_1655
1656,mdp_user_1656
1657,mdp_user_1657
1658,mdp_user_1658
1659,mdp_user_1659
1660,mdp_user_1660
1661,mdp_user_1661
1662,mdp_user_1662
1663,mdp_user_1663
1664,mdp_user_1664
1665,mdp_user_1665
1666,mdp_user_1666
1667,mdp_user_1667
1668,mdp_user_1668
1669,mdp_user_1669
1670,mdp_user_1670
1671,mdp_user_1671
1672,mdp_user_1672
1673,mdp_user_1673
1674,mdp_user_1674
1675,mdp_user_1675
1676,mdp_user_1676
1677,mdp_user_1677
1678,mdp_user_1678
1679,mdp_user_1679
1680,mdp_user_1680
1681,mdp_user_1681
1682,mdp_user_1682
1683,mdp_user_1683
1684,mdp_user_1684
1685,mdp_user_1685
1686,mdp_user_1686
1687,mdp_user_1687
1688,mdp_user_1688
1689,mdp_user_1689
1690,mdp_user_1690
1691,mdp_user_1691
1692,mdp_user_1692
1693,mdp_user_1693
1694,mdp_user_1694
1695,mdp_user_1695
1696,mdp_user_1696
1697,mdp_user_1697
1698,mdp_user_1698
1699,mdp_user_1699
1700,mdp_user_1700
1701,mdp_user_1701
1702,mdp_user_1702
1703,mdp_user_1703
1704,mdp_user_1704
1705,mdp_user_1705
1706,mdp_user_1706
1707,mdp_user_1707
1708,mdp_user_1708
1709,mdp_user_1709
1710,mdp_user_1710
1711,mdp_user_1711
1712,mdp_user_1712
1713,mdp_user_1713
1714,mdp_user_1714
1715,mdp_user_1715
1716,mdp_user_1716
1717,mdp_user_1717
1718,mdp_user_1718
1719,mdp_user_1719
1720,mdp_user_1720
1721,mdp_user_1721
1722,mdp_user_1722
1723,mdp_user_1723
1724,mdp_user_1724
1725,mdp_user_1725
1726,mdp_user_1726
1727,mdp_user_1727
1728,mdp_user_1728
1729,mdp_user_1729
1730,mdp_user_1730
1731,mdp_user_1731
1732,mdp_user_1732
1733,mdp_user_1733
1734,mdp_user_1734
1735,mdp_user_1735
1736,mdp_user_1736
1737,mdp_user_1737
1738,mdp_user_1738
1739,mdp_user_1739
1740,mdp_user_1740
1741,mdp_user_1741
1742,mdp_user_1742
1743,mdp_user_1743
1744,mdp_user_1744
1745,mdp_user_1745
1746,mdp_user_1746
1747,mdp_user_1747
1748,mdp_user_1748
1749,mdp_user_1749
1750,mdp_user_1750
1751,mdp_user_1751
1752,mdp_user_1752
1753,mdp_user_1753
1754,mdp_user_1754
1755,mdp_user_1755
1756,mdp_user_1756
1757,mdp_user_1757
1758,mdp_user_1758
1759,mdp_user_1759
1760,mdp_user_1760
1761,mdp_user_1761
1762,mdp_user_1762
1763,mdp_user_1763
1764,mdp_user_1764
1765,mdp_user_1765
1766,mdp_user_1766
1767,mdp_user_1767
1768,mdp_user_1768
1769,mdp_user_1769
1770,mdp_user_1770
1771,mdp_user_1771
1772,mdp_user_1772
1773,mdp_user_1773
1774,mdp_user_1774
1775,mdp_user_1775
1776,mdp_user_1776
1777,mdp_user_1777
1778,mdp_user_1778
1779,mdp_user_1779
1780,mdp_user_1780
1781,mdp_user_1781
1782,mdp_user_1782
1783,mdp_user_1783
1784,mdp_user_1784
1785,mdp_user_1785
1786,mdp_user_1786
1787,mdp_user_1787
1788,mdp_user_1788
1789,mdp_user_1789
1790,mdp_user_1790
1791,mdp_user_1791
1792,mdp_user_1792
1793,mdp_user_1793
1794,mdp_user_1794
1795,mdp_user_1795
1796,mdp_user_1796
1797,mdp_user_1797
1798,mdp_user_1798
1799,mdp_user_1799
1800,mdp_user_1800
1801,mdp_user_1801
1802,mdp_user_1802
1803,mdp_user_1803
1804,mdp_user_1804
1805,mdp_user_1805
1806,mdp_user_1806
1807,mdp_user_1807
1808,mdp_user_1808
1809,mdp_user_1809
1810,mdp_user_1810
1811,mdp_user_1811
1812,mdp_user_1812
1813,mdp_user_1813
1814,mdp_user_1814
1815,mdp_user_1815
1816,mdp_user_1816
1817,mdp_user_1817
1818,mdp_user_1818
1819,mdp_user_1819
1820,mdp_user_1820
1821,mdp_user_1821
1822,mdp_user_1822
1823,mdp_user_1823
1824,mdp_user_1824
1825,mdp_user_1825
1826,mdp_user_1826
1827,mdp_user_1827
1828,mdp_user_1828
1829,mdp_user_1829
1830,mdp_user_1830
1831,mdp_user_1831
1832,mdp_user_1832
1833,mdp_user_1833
1834,mdp_user_1834
1835,mdp_user_1835
1836,mdp_user_1836
1837,mdp_user_1837
1838,mdp_user_1838
1839,mdp_user_1839
1840,mdp_user_1840
1841,mdp_user_1841
1842,mdp_user_1842
1843,mdp_user_1843
1844,mdp_user_1844
1845,mdp_user_1845
1846,mdp_user_1846
1847,mdp_user_1847
1848,mdp_user_1848
1849,mdp_user_1849
1850,mdp_user_1850
1851,mdp_user_1851
1852,mdp_user_1852
1853,mdp_user_1853
1854,mdp_user_1854
1855,mdp_user_1855
1856,mdp_user_1856
1857,mdp_user_1857
1858,mdp_user_1858
1859,mdp_user_1859
1860,mdp_user_1860
1861,mdp_user_1861
1862,mdp_user_1862
1863,mdp_user_1863
1864,mdp_user_1864
1865,mdp_user_1865
1866,mdp_user_1866
1867,mdp_user_1867
1868,mdp_user_1868
1869,mdp_user_1869
1870,mdp_user_1870
1871,mdp_user_1871
1872,mdp_user_1872
1873,mdp_user_1873
1874,mdp_user_1874
1875,mdp_user_1875
1876,mdp_user_1876
1877,mdp_user_1877
1878,mdp_user_1878
1879,mdp_user_1879
1880,mdp_user_1880
1881,mdp_user_1881
1882,mdp_user_1882
1883,mdp_user_1883
1884,mdp_user_1884
1885,mdp_user_1885
1886,mdp_user_1886
1887,mdp_user_1887
1888,mdp_user_1888
1889,mdp_user_1889
1890,mdp_user_1890
1891,mdp_user_1891
1892,mdp_user_1892
1893,mdp_user_1893
1894,mdp_user_1894
1895,mdp_user_1895
1896,mdp_user_1896
1897,mdp_user_1897
1898,mdp_user_1898
1899,mdp_user_1899
1900,mdp_user_1900
1901,mdp_user_1901
1902,mdp_user_1902
1903,mdp_user_1903
1904,mdp_user_1904
1905,mdp_user_1905
1906,mdp_user_1906
1907,mdp_user_1907
1908,mdp_user_1908
1909,mdp_user_1909
1910,mdp_user_1910
1911,mdp_user_1911
1912,mdp_user_1912
1913,mdp_user_1913
1914,mdp_user_1914
1915,mdp_user_1915
1916,mdp_user_1916
1917,mdp_user_1917
1918,mdp_user_1918
1919,mdp_user_1919
1920,mdp_user_1920
1921,mdp_user_1921
1922,mdp_user_1922
1923,mdp_user_1923
1924,mdp_user_1924
1925,mdp_user_1925
1926,mdp_user_1926
1927,mdp_user_1927
1928,mdp_user_1928
1929,mdp_user_1929
1930,mdp_user_1930
1931,mdp_user_1931
1932,mdp_user_1932
1933,mdp_user_1933
1934,mdp_user_1934
1935,mdp_user_1935
1936,mdp_user_1936
1937,mdp_user_1937
1938,mdp_user_1938
1939,mdp_user_1939
1940,mdp_user_1940
1941,mdp_user_1941
1942,mdp_user_1942
1943,mdp_user_1943
1944,mdp_user_1944
1945,mdp_user_1945
1946,mdp_user_1946
1947,mdp_user_1947
1948,mdp_user_1948
1949,mdp_user_1949
1950,mdp_user_1950
1951,mdp_user_1951
1952,mdp_user_1952
1953,mdp_user_1953
1954,mdp_user_1954
1955,mdp_user_1955
1956,mdp_user_1956
1957,mdp_user_1957
1958,mdp_user_1958
1959,mdp_user_1959
1960,mdp_user_1960
1961,mdp_user_1961
1962,mdp_user_1962
1963,mdp_user_1963
1964,mdp_user_1964
1965,mdp_user_1965
1966,mdp_user_1966
1967,mdp_user_1967
1968,mdp_user_1968
1969,mdp_user_1969
1970,mdp_user_1970
1971,mdp_user_1971
1972,mdp_user_1972
1973,mdp_user_1973
1974,mdp_user_1974
1975,mdp_user_1975
1976,mdp_user_1976
1977,mdp_user_1977
1978,mdp_user_1978
1979,mdp_user_1979
1980,mdp_user_1980
1981,mdp_user_1981
1982,mdp_user_1982
1983,mdp_user_1983
1984,mdp_user_1984
1985,mdp_user_1985
1986,mdp_user_1986
1987,mdp_user_1987
1988,mdp_user_1988
1989,mdp_user_1989
1990,mdp_user_1990
1991,mdp_user_1991
1992,mdp_user_1992
1993,mdp_user_1993
1994,mdp_user_1994
1995,mdp_user_1995
1996,mdp_user_1996
1997,mdp_user_1997
1998,mdp_user_1998
1999,mdp_user_1999
2000,mdp_user_2000
2001,mdp_user_2001
2002,mdp_user_2002
2003,mdp_user_2003
2004,mdp_user_2004
2005,mdp_user_2005
2006,mdp_user_2006
2007,mdp_user_2007
2008,mdp_user_2008
2009,mdp_user_2009
2010,mdp_user_2010
2011,mdp_user_2011
2012,mdp_user_2012
2013,mdp_user_2013
2014,mdp_user_2014
2015,mdp_user_2015
2016,mdp_user_2016
2017,mdp_user_2017
2018,mdp_user_2018
2019,mdp_user_2019
2020,mdp_user_2020
2021,mdp_user_2021
2022,mdp_user_2022
2023,mdp_user_2023
2024,mdp_user_2024
2025,mdp_user_2025
2026,mdp_user_2026
2027,mdp_user_2027
2028,mdp_user_2028
2029,mdp_user_2029
2030,mdp_user_2030
2031,mdp_user_2031
2032,mdp_user_2032
2033,mdp_user_2033
2034,mdp_user_2034
2035,mdp_user_2035
2036,mdp_user_2036
2037,mdp_user_2037
2038,mdp_user_2038
2039,mdp_user_2039
2040,mdp_user_2040
2041,mdp_user_2041
2042,mdp_user_2042
2043,mdp_user_2043
2044,mdp_user_2044
2045,mdp_user_2045
2046,mdp_user_2046
2047,mdp_user_2047
2048,mdp_user_2048
2049,mdp_user_2049
2050,mdp_user_2050
2051,mdp_user_2051
2052,mdp_user_2052
2053,mdp_user_2053
2054,mdp_user_2054
2055,mdp_user_2055
2056,mdp_user_2056
2057,mdp_user_2057
2058,mdp_user_2058
2059,mdp_user_2059
2060,mdp_user_2060
2061,mdp_user_2061
2062,mdp_user_2062
2063,mdp_user_2063
2064,mdp_user_2064
2065,mdp_user_2065
2066,mdp_user_2066
2067,mdp_user_2067
2068,mdp_user_2068
2069,mdp_user_2069
2070,mdp_user_2070
2071,mdp_user_2071
2072,mdp_user_2072
2073,mdp_user_2073
2074,mdp_user_2074
2075,mdp_user_2075
2076,mdp_user_2076
2077,mdp_user_2077
2078,mdp_user_2078
2079,mdp_user_2079
2080,mdp_user_2080
2081,mdp_user_2081
2082,mdp_user_2082
2083,mdp_user_2083
2084,mdp_user_2084
2085,mdp_user_2085
2086,mdp_user_2086
2087,mdp_user_2087
2088,mdp_user_2088
2089,mdp_user_2089
2090,mdp_user_2090
2091,mdp_user_2091
2092,mdp_user_2092
2093,mdp_user_2093
2094,mdp_user_2094
2095,mdp_user_2095
2096,mdp_user_2096
2097,mdp_user_2097
2098,mdp_user_2098
2099,mdp_user_2099
2100,mdp_user_2100
2101,mdp_user_2101
2102,mdp_user_2102
2103,mdp_user_2103
2104,mdp_user_2104
2105,mdp_user_2105
2106,mdp_user_2106
2107,mdp_user_2107
2108,mdp_user_2108
2109,mdp_user_2109
2110,mdp_user_2110
2111,mdp_user_2111
2112,mdp_user_2112
2113,mdp_user_2113
2114,mdp_user_2114
2115,mdp_user_2115
2116,mdp_user_2116
2117,mdp_user_2117
2118,mdp_user_2118
2119,mdp_user_2119
2120,mdp_user_2120
2121,mdp_user_2121
2122,mdp_user_2122
2123,mdp_user_2123
2124,mdp_user_2124
2125,mdp_user_2125
2126,mdp_user_2126
2127,mdp_user_2127
2128,mdp_user_2128
2129,mdp_user_2129
2130,mdp_user_2130
2131,mdp_user_2131
2132,mdp_user_2132
2133,mdp_user_2133
2134,mdp_user_2134
2135,mdp_user_2135
2136,mdp_user_2136
2137,mdp_user_2137
2138,mdp_user_2138
2139,mdp_user_2139
2140,mdp_user_2140
2141,mdp_user_2141
2142,mdp_user_2142
2143,mdp_user_2143
2144,mdp_user_2144
2145,mdp_user_2145
2146,mdp_user_2146
2147,mdp_user_2147
2148,mdp_user_2148
2149,mdp_user_2149
2150,mdp_user_2150
2151,mdp_user_2151
2152,mdp_user_2152
2153,mdp_user_2153
2154,mdp_user_2154
2155,mdp_user_2155
2156,mdp_user_2156
2157,mdp_user_2157
2158,mdp_user_2158
2159,mdp_user_2159
2160,mdp_user_2160
2161,mdp_user_2161
2162,mdp_user_2162
2163,mdp_user_2163
2164,mdp_user_2164
2165,mdp_user_2165
2166,mdp_user_2166
2167,mdp_user_2167
2168,mdp_user_2168
2169,mdp_user_2169
2170,mdp_user_2170
2171,mdp_user_2171
2172,mdp_user_2172
2173,mdp_user_2173
2174,mdp_user_2174
2175,mdp_user_2175
2176,mdp_user_2176
2177,mdp_user_2177
2178,mdp_user_2178
2179,mdp_user_2179
2180,mdp_user_2180
2181,mdp_user_2181
2182,mdp_user_2182
2183,mdp_user_2183
2184,mdp_user_2184
2185,mdp_user_2185
2186,mdp_user_2186
2187,mdp_user_2187
2188,mdp_user_2188
2189,mdp_user_2189
2190,mdp_user_2190
2191,mdp_user_2191
2192,mdp_user_2192
2193,mdp_user_2193
2194,mdp_user_2194
2195,mdp_user_2195
2196,mdp_user_2196
2197,mdp_user_2197
2198,mdp_user_2198
2199,mdp_user_2199
2200,mdp_user_2200
2201,mdp_user_2201
2202,mdp_user_2202
2203,mdp_user_2203
2204,mdp_user_2204
2205,mdp_user_2205
2206,mdp_user_2206
2207,mdp_user_2207
2208,mdp_user_2208
2209,mdp_user_2209
2210,mdp_user_2210
2211,mdp_user_2211
2212,mdp_user_2212
2213,mdp_user_2213
2214,mdp_user_2214
2215,mdp_user_2215
2216,mdp_user_2216
2217,mdp_user_2217
2218,mdp_user_2218
2219,mdp_user_2219
2220,mdp_user_2220
2221,mdp_user_2221
2222,mdp_user_2222
2223,mdp_user_2223
2224,mdp_user_2224
2225,mdp_user_2225
2226,mdp_user_2226
2227,mdp_user_2227
2228,mdp_user_2228
2229,mdp_user_2229
2230,mdp_user_2230
2231,mdp_user_2231
2232,mdp_user_2232
2233,mdp_user_2233
2234,mdp_user_2234
2235,mdp_user_2235
2236,mdp_user_2236
2237,mdp_user_2237
2238,mdp_user_2238
2239,mdp_user_2239
2240,mdp_user_2240
2241,mdp_user_2241
2242,mdp_user_2242
2243,mdp_user_2243
2244,mdp_user_2244
2245,mdp_user_2245
2246,mdp_user_2246
2247,mdp_user_2247
2248,mdp_user_2248
2249,mdp_user_2249
2250,mdp_user_2250
2251,mdp_user_2251
2252,mdp_user_2252
2253,mdp_user_2253
2254,mdp_user_2254
2255,mdp_user_2255
2256,mdp_user_2256
2257,mdp_user_2257
2258,mdp_user_2258
2259,mdp_user_2259
2260,mdp_user_2260
2261,mdp_user_2261
2262,mdp_user_2262
2263,mdp_user_2263
2264,mdp_user_2264
2265,mdp_user_2265
2266,mdp_user_2266
2267,mdp_user_2267
2268,mdp_user_2268
2269,mdp_user_2269
2270,mdp_user_2270
2271,mdp_user_2271
2272,mdp_user_2272
2273,mdp_user_2273
2274,mdp_user_2274
2275,mdp_user_2275
2276,mdp_user_2276
2277,mdp_user_2277
2278,mdp_user_2278
2279,mdp_user_2279
2280,mdp_user_2280
2281,mdp_user_2281
2282,mdp_user_2282
2283,mdp_user_2283
2284,mdp_user_2284
2285,mdp_user_2285
2286,mdp_user_2286
2287,mdp_user_2287
2288,mdp_user_2288
2289,mdp_user_2289
2290,mdp_user_2290
2291,mdp_user_2291
2292,mdp_user_2292
2293,mdp_user_2293
2294,mdp_user_2294
2295,mdp_user_2295
2296,mdp_user_2296
2297,mdp_user_2297
2298,mdp_user_2298
2299,mdp_user_2299
2300,mdp_user_2300
2301,mdp_user_2301
2302,mdp_user_2302
2303,mdp_user_2303
2304,mdp_user_2304
2305,mdp_user_2305
2306,mdp_user_2306
2307,mdp_user_2307
2308,mdp_user_2308
2309,mdp_user_2309
2310,mdp_user_2310
2311,mdp_user_2311
2312,mdp_user_2312
2313,mdp_user_2313
2314,mdp_user_2314
2315,mdp_user_2315
2316,mdp_user_2316
2317,mdp_user_2317
2318,mdp_user_2318
2319,mdp_user_2319
2320,mdp_user_2320
2321,mdp_user_2321
2322,mdp_user_2322
2323,mdp_user_2323
2324,mdp_user_2324
2325,mdp_user_2325
2326,mdp_user_2326
2327,mdp_user_2327
2328,mdp_user_2328
2329,mdp_user_2329
2330,mdp_user_2330
2331,mdp_user_2331
2332,mdp_user_2332
2333,mdp_user_2333
2334,mdp_user_2334
2335,mdp_user_2335
2336,mdp_user_2336
2337,mdp_user_2337
2338,mdp_user_2338
2339,mdp_user_2339
2340,mdp_user_2340
2341,mdp_user_2341
2342,mdp_user_2342
2343,mdp_user_2343
2344,mdp_user_2344
2345,mdp_user_2345
2346,mdp_user_2346
2347,mdp_user_2347
2348,mdp_user_2348
2349,mdp_user_2349
2350,mdp_user_2350
2351,mdp_user_2351
2352,mdp_user_2352
2353,mdp_user_2353
2354,mdp_user_2354
2355,mdp_user_2355
2356,mdp_user_2356
2357,mdp_user_2357
2358,mdp_user_2358
2359,mdp_user_2359
2360,mdp_user_2360
2361,mdp_user_2361
2362,mdp_user_2362
2363,mdp_user_2363
2364,mdp_user_2364
2365,mdp_user_2365
2366,mdp_user_2366
2367,mdp_user_2367
2368,mdp_user_2368
2369,mdp_user_2369
2370,mdp_user_2370
2371,mdp_user_2371
2372,mdp_user_2372
2373,mdp_user_2373
2374,mdp_user_2374
2375,mdp_user_2375
2376,mdp_user_2376
2377,mdp_user_2377
2378,mdp_user_2378
2379,mdp_user_2379
2380,mdp_user_2380
2381,mdp_user_2381
2382,mdp_user_2382
2383,mdp_user_2383
2384,mdp_user_2384
2385,mdp_user_2385
2386,mdp_user_2386
2387,mdp_user_2387
2388,mdp_user_2388
2389,mdp_user_2389
2390,mdp_user_2390
2391,mdp_user_2391
2392,mdp_user_2392
2393,mdp_user_2393
2394,mdp_user_2394
2395,mdp_user_2395
2396,mdp_user_2396
2397,mdp_user_2397
2398,mdp_user_2398
2399,mdp_user_2399
2400,mdp_user_2400
2401,mdp_user_2401
2402,mdp_user_2402
2403,mdp_user_2403
2404,mdp_user_2404
2405,mdp_user_2405
2406,mdp_user_2406
2407,mdp_user_2407
2408,mdp_user_2408
2409,mdp_user_2409
2410,mdp_user_2410
2411,mdp_user_2411
2412,mdp_user_2412
2413,mdp_user_2413
2414,mdp_user_2414
2415,mdp_user_2415
2416,mdp_user_2416
2417,mdp_user_2417
2418,mdp_user_2418
2419,mdp_user_2419
2420,mdp_user_2420
2421,mdp_user_2421
2422,mdp_user_2422
2423,mdp_user_2423
2424,mdp_user_2424
2425,mdp_user_2425
2426,mdp_user_2426
2427,mdp_user_2427
2428,mdp_user_2428
2429,mdp_user_2429
2430,mdp_user_2430
2431,mdp_user_2431
2432,mdp_user_2432
2433,mdp_user_2433
2434,mdp_user_2434
2435,mdp_user_2435
2436,mdp_user_2436
2437,mdp_user_2437
2438,mdp_user_2438
2439,mdp_user_2439
2440,mdp_user_2440
2441,mdp_user_2441
2442,mdp_user_2442
2443,mdp_user_2443
2444,mdp_user_2444
2445,mdp_user_2445
2446,mdp_user_2446
2447,mdp_user_2447
2448,mdp_user_2448
2449,mdp_user_2449
2450,mdp_user_2450
2451,mdp_user_2451
2452,mdp_user_2452
2453,mdp_user_2453
2454,mdp_user_2454
2455,mdp_user_2455
2456,mdp_user_2456
2457,mdp_user_2457
2458,mdp_user_2458
2459,mdp_user_2459
2460,mdp_user_2460
2461,mdp_user_2461
2462,mdp_user_2462
2463,mdp_user_2463
2464,mdp_user_2464
2465,mdp_user_2465
2466,mdp_user_2466
2467,mdp_user_2467
2468,mdp_user_2468
2469,mdp_user_2469
2470,mdp_user_2470
2471,mdp_user_2471
2472,mdp_user_2472
2473,mdp_user_2473
2474,mdp_user_2474
2475,mdp_user_2475
2476,mdp_user_2476
2477,mdp_user_2477
2478,mdp_user_2478
2479,mdp_user_2479
2480,mdp_user_2480
2481,mdp_user_2481
2482,mdp_user_2482
2483,mdp_user_2483
2484,mdp_user_2484
2485,mdp_user_2485
2486,mdp_user_2486
2487,mdp_user_2487
2488,mdp_user_2488
2489,mdp_user_2489
2490,mdp_user_2490
2491,mdp_user_2491
2492,mdp_user_2492
2493,mdp_user_2493
2494,mdp_user_2494
2495,mdp_user_2495
2496,mdp_user_2496
2497,mdp_user_2497
2498,mdp_user_2498
2499,mdp_user_2499
2500,mdp_user_2500
2501,mdp_user_2501
2502,mdp_user_2502
2503,mdp_user_2503
2504,mdp_user_2504
2505,mdp_user_2505
2506,mdp_user_2506
2507,mdp_user_2507
2508,mdp_user_2508
2509,mdp_user_2509
2510,mdp_user_2510
2511,mdp_user_2511
2512,mdp_user_2512
2513,mdp_user_2513
2514,mdp_user_2514
2515,mdp_user_2515
2516,mdp_user_2516
2517,mdp_user_2517
2518,mdp_user_2518
2519,mdp_user_2519
2520,mdp_user_2520
2521,mdp_user_2521
2522,mdp_user_2522
2523,mdp_user_2523
2524,mdp_user_2524
2525,mdp_user_2525
2526,mdp_user_2526
2527,mdp_user_2527
2528,mdp_user_2528
2529,mdp_user_2529
2530,mdp_user_2530
2531,mdp_user_2531
2532,mdp_user_2532
2533,mdp_user_2533
2534,mdp_user_2534
2535,mdp_user_2535
2536,mdp_user_2536
2537,mdp_user_2537
2538,mdp_user_2538
2539,mdp_user_2539
2540,mdp_user_2540
2541,mdp_user_2541
2542,mdp_user_2542
2543,mdp_user_2543
2544,mdp_user_2544
2545,mdp_user_2545
2546,mdp_user_2546
2547,mdp_user_2547
2548,mdp_user_2548
2549,mdp_user_2549
2550,mdp_user_2550
2551,mdp_user_2551
2552,mdp_user_2552
2553,mdp_user_2553
2554,mdp_user_2554
2555,mdp_user_2555
2556,mdp_user_2556
2557,mdp_user_2557
2558,mdp_user_2558
2559,mdp_user_2559
2560,mdp_user_2560
2561,mdp_user_2561
2562,mdp_user_2562
2563,mdp_user_2563
2564,mdp_user_2564
2565,mdp_user_2565
2566,mdp_user_2566
2567,mdp_user_2567
2568,mdp_user_2568
2569,mdp_user_2569
2570,mdp_user_2570
2571,mdp_user_2571
2572,mdp_user_2572
2573,mdp_user_2573
2574,mdp_user_2574
2575,mdp_user_2575
2576,mdp_user_2576
2577,mdp_user_2577
2578,mdp_user_2578
2579,mdp_user_2579
2580,mdp_user_2580
2581,mdp_user_2581
2582,mdp_user_2582
2583,mdp_user_2583
2584,mdp_user_2584
2585,mdp_user_2585
2586,mdp_user_2586
2587,mdp_user_2587
2588,mdp_user_2588
2589,mdp_user_2589
2590,mdp_user_2590
2591,mdp_user_2591
2592,mdp_user_2592
2593,mdp_user_2593
2594,mdp_user_2594
2595,mdp_user_2595
2596,mdp_user_2596
2597,mdp_user_2597
2598,mdp_user_2598
2599,mdp_user_2599
2600,mdp_user_2600
2601,mdp_user_2601
2602,mdp_user_2602
2603,mdp_user_2603
2604,mdp_user_2604
2605,mdp_user_2605
2606,mdp_user_2606
2607,mdp_user_2607
2608,mdp_user_2608
2609,mdp_user_2609
2610,mdp_user_2610
2611,mdp_user_2611
2612,mdp_user_2612
2613,mdp_user_2613
2614,mdp_user_2614
2615,mdp_user_2615
2616,mdp_user_2616
2617,mdp_user_2617
2618,mdp_user_2618
2619,mdp_user_2619
2620,mdp_user_2620
2621,mdp_user_2621
2622,mdp_user_2622
2623,mdp_user_2623
2624,mdp_user_2624
2625,mdp_user_2625
2626,mdp_user_2626
2627,mdp_user_2627
2628,mdp_user_2628
2629,mdp_user_2629
2630,mdp_user_2630
2631,mdp_user_2631
2632,mdp_user_2632
2633,mdp_user_2633
2634,mdp_user_2634
2635,mdp_user_2635
2636,mdp_user_2636
2637,mdp_user_2637
2638,mdp_user_2638
2639,mdp_user_2639
2640,mdp_user_2640
2641,mdp_user_2641
2642,mdp_user_2642
2643,mdp_user_2643
2644,mdp_user_2644
2645,mdp_user_2645
2646,mdp_user_2646
2647,mdp_user_2647
2648,mdp_user_2648
2649,mdp_user_2649
2650,mdp_user_2650
2651,mdp_user_2651
2652,mdp_user_2652
2653,mdp_user_2653
2654,mdp_user_2654
2655,mdp_user_2655
2656,mdp_user_2656
2657,mdp_user_2657
2658,mdp_user_2658
2659,mdp_user_2659
2660,mdp_user_2660
2661,mdp_user_2661
2662,mdp_user_2662
2663,mdp_user_2663
2664,mdp_user_2664
2665,mdp_user_2665
2666,mdp_user_2666
2667,mdp_user_2667
2668,mdp_user_2668
2669,mdp_user_2669
2670,mdp_user_2670
2671,mdp_user_2671
2672,mdp_user_2672
2673,mdp_user_2673
2674,mdp_user_2674
2675,mdp_user_2675
2676,mdp_user_2676
2677,mdp_user_2677
2678,mdp_user_2678
2679,mdp_user_2679
2680,mdp_user_2680
2681,mdp_user_2681
2682,mdp_user_2682
2683,mdp_user_2683
2684,mdp_user_2684
2685,mdp_user_2685
2686,mdp_user_2686
2687,mdp_user_2687
2688,mdp_user_2688
2689,mdp_user_2689
2690,mdp_user_2690
2691,mdp_user_2691
2692,mdp_user_2692
2693,mdp_user_2693
2694,mdp_user_2694
2695,mdp_user_2695
2696,mdp_user_2696
2697,mdp_user_2697
2698,mdp_user_2698
2699,mdp_user_2699
2700,mdp_user_2700
2701,mdp_user_2701
2702,mdp_user_2702
2703,mdp_user_2703
2704,mdp_user_2704
2705,mdp_user_2705
2706,mdp_user_2706
2707,mdp_user_2707
2708,mdp_user_2708
2709,mdp_user_2709
2710,mdp_user_2710
2711,mdp_user_2711
2712,mdp_user_2712
2713,mdp_user_2713
2714,mdp_user_2714
2715,mdp_user_2715
2716,mdp_user_2716
2717,mdp_user_2717
2718,mdp_user_2718
2719,mdp_user_2719
2720,mdp_user_2720
2721,mdp_user_2721
2722,mdp_user_2722
2723,mdp_user_2723
2724,mdp_user_2724
2725,mdp_user_2725
2726,mdp_user_2726
2727,mdp_user_2727
2728,mdp_user_2728
2729,mdp_user_2729
2730,mdp_user_2730
2731,mdp_user_2731
2732,mdp_user_2732
2733,mdp_user_2733
2734,mdp_user_2734
2735,mdp_user_2735
2736,mdp_user_2736
2737,mdp_user_2737
2738,mdp_user_2738
2739,mdp_user_2739
2740,mdp_user_2740
2741,mdp_user_2741
2742,mdp_user_2742
2743,mdp_user_2743
2744,mdp_user_2744
2745,mdp_user_2745
2746,mdp_user_2746
2747,mdp_user_2747
2748,mdp_user_2748
2749,mdp_user_2749
2750,mdp_user_2750
2751,mdp_user_2751
2752,mdp_user_2752
2753,mdp_user_2753
2754,mdp_user_2754
2755,mdp_user_2755
2756,mdp_user_2756
2757,mdp_user_2757
2758,mdp_user_2758
2759,mdp_user_2759
2760,mdp_user_2760
2761,mdp_user_2761
2762,mdp_user_2762
2763,mdp_user_2763
2764,mdp_user_2764
2765,mdp_user_2765
2766,mdp_user_2766
2767,mdp_user_2767
2768,mdp_user_2768
2769,mdp_user_2769
2770,mdp_user_2770
2771,mdp_user_2771
2772,mdp_user_2772
2773,mdp_user_2773
2774,mdp_user_2774
2775,mdp_user_2775
2776,mdp_user_2776
2777,mdp_user_2777
2778,mdp_user_2778
2779,mdp_user_2779
2780,mdp_user_2780
2781,mdp_user_2781
2782,mdp_user_2782
2783,mdp_user_2783
2784,mdp_user_2784
2785,mdp_user_2785
2786,mdp_user_2786
2787,mdp_user_2787
2788,mdp_user_2788
2789,mdp_user_2789
2790,mdp_user_2790
2791,mdp_user_2791
2792,mdp_user_2792
2793,mdp_user_2793
2794,mdp_user_2794
2795,mdp_user_2795
2796,mdp_user_2796
2797,mdp_user_2797
2798,mdp_user_2798
2799,mdp_user_2799
2800,mdp_user_2800
2801,mdp_user_2801
2802,mdp_user_2802
2803,mdp_user_2803
2804,mdp_user_2804
2805,mdp_user_2805
2806,mdp_user_2806
2807,mdp_user_2807
2808,mdp_user_2808
2809,mdp_user_2809
2810,mdp_user_2810
2811,mdp_user_2811
2812,mdp_user_2812
2813,mdp_user_2813
2814,mdp_user_2814
2815,mdp_user_2815
2816,mdp_user_2816
2817,mdp_user_2817
2818,mdp_user_2818
2819,mdp_user_2819
2820,mdp_user_2820
2821,mdp_user_2821
2822,mdp_user_2822
2823,mdp_user_2823
2824,mdp_user_2824
2825,mdp_user_2825
2826,mdp_user_2826
2827,mdp_user_2827
2828,mdp_user_2828
2829,mdp_user_2829
2830,mdp_user_2830
2831,mdp_user_2831
2832,mdp_user_2832
2833,mdp_user_2833
2834,mdp_user_2834
2835,mdp_user_2835
2836,mdp_user_2836
2837,mdp_user_2837
2838,mdp_user_2838
2839,mdp_user_2839
2840,mdp_user_2840
2841,mdp_user_2841
2842,mdp_user_2842
2843,mdp_user_2843
2844,mdp_user_2844
2845,mdp_user_2845
2846,mdp_user_2846
2847,mdp_user_2847
2848,mdp_user_2848
2849,mdp_user_2849
2850,mdp_user_2850
2851,mdp_user_2851
2852,mdp_user_2852
2853,mdp_user_2853
2854,mdp_user_2854
2855,mdp_user_2855
2856,mdp_user_2856
2857,mdp_user_2857
2858,mdp_user_2858
2859,mdp_user_2859
2860,mdp_user_2860
2861,mdp_user_2861
2862,mdp_user_2862
2863,mdp_user_2863
2864,mdp_user_2864
2865,mdp_user_2865
2866,mdp_user_2866
2867,mdp_user_2867
2868,mdp_user_2868
2869,mdp_user_2869
2870,mdp_user_2870
2871,mdp_user_2871
2872,mdp_user_2872
2873,mdp_user_2873
2874,mdp_user_2874
2875,mdp_user_2875
2876,mdp_user_2876
2877,mdp_user_2877
2878,mdp_user_2878
2879,mdp_user_2879
2880,mdp_user_2880
2881,mdp_user_2881
2882,mdp_user_2882
2883,mdp_user_2883
2884,mdp_user_2884
2885,mdp_user_2885
2886,mdp_user_2886
2887,mdp_user_2887
2888,mdp_user_2888
2889,mdp_user_2889
2890,mdp_user_2890
2891,mdp_user_2891
2892,mdp_user_2892
2893,mdp_user_2893
2894,mdp_user_2894
2895,mdp_user_2895
2896,mdp_user_2896
2897,mdp_user_2897
2898,mdp_user_2898
2899,mdp_user_2899
2900,mdp_user_2900
2901,mdp_user_2901
2902,mdp_user_2902
2903,mdp_user_2903
2904,mdp_user_2904
2905,mdp_user_2905
2906,mdp_user_2906
2907,mdp_user_2907
2908,mdp_user_2908
2909,mdp_user_2909
2910,mdp_user_2910
2911,mdp_user_2911
2912,mdp_user_2912
2913,mdp_user_2913
2914,mdp_user_2914
2915,mdp_user_2915
2916,mdp_user_2916
2917,mdp_user_2917
2918,mdp_user_2918
2919,mdp_user_2919
2920,mdp_user_2920
2921,mdp_user_2921
2922,mdp_user_2922
2923,mdp_user_2923
2924,mdp_user_2924
2925,mdp_user_2925
2926,mdp_user_2926
2927,mdp_user_2927
2928,mdp_user_2928
2929,mdp_user_2929
2930,mdp_user_2930
2931,mdp_user_2931
2932,mdp_user_2932
2933,mdp_user_2933
2934,mdp_user_2934
2935,mdp_user_2935
2936,mdp_user_2936
2937,mdp_user_2937
2938,mdp_user_2938
2939,mdp_user_2939
2940,mdp_user_2940
2941,mdp_user_2941
2942,mdp_user_2942
2943,mdp_user_2943
2944,mdp_user_2944
2945,mdp_user_2945
2946,mdp_user_2946
2947,mdp_user_2947
2948,mdp_user_2948
2949,mdp_user_2949
2950,mdp_user_2950
2951,mdp_user_2951
2952,mdp_user_2952
2953,mdp_user_2953
2954,mdp_user_2954
2955,mdp_user_2955
2956,mdp_user_2956
2957,mdp_user_2957
2958,mdp_user_2958
2959,mdp_user_2959
2960,mdp_user_2960
2961,mdp_user_2961
2962,mdp_user_2962
2963,mdp_user_2963
2964,mdp_user_2964
2965,mdp_user_2965
2966,mdp_user_2966
2967,mdp_user_2967
2968,mdp_user_2968
2969,mdp_user_2969
2970,mdp_user_2970
2971,mdp_user_2971
2972,mdp_user_2972
2973,mdp_user_2973
2974,mdp_user_2974
2975,mdp_user_2975
2976,mdp_user_2976
2977,mdp_user_2977
2978,mdp_user_2978
2979,mdp_user_2979
2980,mdp_user_2980
2981,mdp_user_2981
2982,mdp_user_2982
2983,mdp_user_2983
2984,mdp_user_2984
2985,mdp_user_2985
2986,mdp_user_2986
2987,mdp_user_2987
2988,mdp_user_2988
2989,mdp_user_2989
2990,mdp_user_2990
2991,mdp_user_2991
2992,mdp_user_2992
2993,mdp_user_2993
2994,mdp_user_2994
2995,mdp_user_2995
2996,mdp_user_2996
2997,mdp_user_2997
2998,mdp_user_2998
2999,mdp_user_2999
3000,mdp_user_3000
3001,mdp_user_3001
3002,mdp_user_3002
3003,mdp_user_3003
3004,mdp_user_3004
3005,mdp_user_3005
3006,mdp_user_3006
3007,mdp_user_3007
3008,mdp_user_3008
3009,mdp_user_3009
3010,mdp_user_3010
3011,mdp_user_3011
3012,mdp_user_3012
3013,mdp_user_3013
3014,mdp_user_3014
3015,mdp_user_3015
3016,mdp_user_3016
3017,mdp_user_3017
3018,mdp_user_3018
3019,mdp_user_3019
3020,mdp_user_3020
3021,mdp_user_3021
3022,mdp_user_3022
3023,mdp_user_3023
3024,mdp_user_3024
3025,mdp_user_3025
3026,mdp_user_3026
3027,mdp_user_3027
3028,mdp_user_3028
3029,mdp_user_3029
3030,mdp_user_3030
3031,mdp_user_3031
3032,mdp_user_3032
3033,mdp_user_3033
3034,mdp_user_3034
3035,mdp_user_3035
3036,mdp_user_3036
3037,mdp_user_3037
3038,mdp_user_3038
3039,mdp_user_3039
3040,mdp_user_3040
3041,mdp_user_3041
3042,mdp_user_3042
3043,mdp_user_3043
3044,mdp_user_3044
3045,mdp_user_3045
3046,mdp_user_3046
3047,mdp_user_3047
3048,mdp_user_3048
3049,mdp_user_3049
3050,mdp_user_3050
3051,mdp_user_3051
3052,mdp_user_3052
3053,mdp_user_3053
3054,mdp_user_3054
3055,mdp_user_3055
3056,mdp_user_3056
3057,mdp_user_3057
3058,mdp_user_3058
3059,mdp_user_3059
3060,mdp_user_3060
3061,mdp_user_3061
3062,mdp_user_3062
3063,mdp_user_3063
3064,mdp_user_3064
3065,mdp_user_3065
3066,mdp_user_3066
3067,mdp_user_3067
3068,mdp_user_3068
3069,mdp_user_3069
3070,mdp_user_3070
3071,mdp_user_3071
3072,mdp_user_3072
3073,mdp_user_3073
3074,mdp_user_3074
3075,mdp_user_3075
3076,mdp_user_3076
3077,mdp_user_3077
3078,mdp_user_3078
3079,mdp_user_3079
3080,mdp_user_3080
3081,mdp_user_3081
3082,mdp_user_3082
3083,mdp_user_3083
3084,mdp_user_3084
3085,mdp_user_3085
3086,mdp_user_3086
3087,mdp_user_3087
3088,mdp_user_3088
3089,mdp_user_3089
3090,mdp_user_3090
3091,mdp_user_3091
3092,mdp_user_3092
3093,mdp_user_3093
3094,mdp_user_3094
3095,mdp_user_3095
3096,mdp_user_3096
3097,mdp_user_3097
3098,mdp_user_3098
3099,mdp_user_3099
3100,mdp_user_3100
3101,mdp_user_3101
3102,mdp_user_3102
3103,mdp_user_3103
3104,mdp_user_3104
3105,mdp_user_3105
3106,mdp_user_3106
3107,mdp_user_3107
3108,mdp_user_3108
3109,mdp_user_3109
3110,mdp_user_3110
3111,mdp_user_3111
3112,mdp_user_3112
3113,mdp_user_3113
3114,mdp_user_3114
3115,mdp_user_3115
3116,mdp_user_3116
3117,mdp_user_3117
3118,mdp_user_3118
3119,mdp_user_3119
3120,mdp_user_3120
3121,mdp_user_3121
3122,mdp_user_3122
3123,mdp_user_3123
3124,mdp_user_3124
3125,mdp_user_3125
3126,mdp_user_3126
3127,mdp_user_3127
3128,mdp_user_3128
3129,mdp_user_3129
3130,mdp_user_3130
3131,mdp_user_3131
3132,mdp_user_3132
3133,mdp_user_3133
3134,mdp_user_3134
3135,mdp_user_3135
3136,mdp_user_3136
3137,mdp_user_3137
3138,mdp_user_3138
3139,mdp_user_3139
3140,mdp_user_3140
3141,mdp_user_3141
3142,mdp_user_3142
3143,mdp_user_3143
3144,mdp_user_3144
3145,mdp_user_3145
3146,mdp_user_3146
3147,mdp_user_3147
3148,mdp_user_3148
3149,mdp_user_3149
3150,mdp_user_3150
3151,mdp_user_3151
3152,mdp_user_3152
3153,mdp_user_3153
3154,mdp_user_3154
3155,mdp_user_3155
3156,mdp_user_3156
3157,mdp_user_3157
3158,mdp_user_3158
3159,mdp_user_3159
3160,mdp_user_3160
3161,mdp_user_3161
3162,mdp_user_3162
3163,mdp_user_3163
3164,mdp_user_3164
3165,mdp_user_3165
3166,mdp_user_3166
3167,mdp_user_3167
3168,mdp_user_3168
3169,mdp_user_3169
3170,mdp_user_3170
3171,mdp_user_3171
3172,mdp_user_3172
3173,mdp_user_3173
3174,mdp_user_3174
3175,mdp_user_3175
3176,mdp_user_3176
3177,mdp_user_3177
3178,mdp_user_3178
3179,mdp_user_3179
3180,mdp_user_3180
3181,mdp_user_3181
3182,mdp_user_3182
3183,mdp_user_3183
3184,mdp_user_3184
3185,mdp_user_3185
3186,mdp_user_3186
3187,mdp_user_3187
3188,mdp_user_3188
3189,mdp_user_3189
3190,mdp_user_3190
3191,mdp_user_3191
3192,mdp_user_3192
3193,mdp_user_3193
3194,mdp_user_3194
3195,mdp_user_3195
3196,mdp_user_3196
3197,mdp_user_3197
3198,mdp_user_3198
3199,mdp_user_3199
3200,mdp_user_3200
3201,mdp_user_3201
3202,mdp_user_3202
3203,mdp_user_3203
3204,mdp_user_3204
3205,mdp_user_3205
3206,mdp_user_3206
3207,mdp_user_3207
3208,mdp_user_3208
3209,mdp_user_3209
3210,mdp_user_3210
3211,mdp_user_3211
3212,mdp_user_3212
3213,mdp_user_3213
3214,mdp_user_3214
3215,mdp_user_3215
3216,mdp_user_3216
3217,mdp_user_3217
3218,mdp_user_3218
3219,mdp_user_3219
3220,mdp_user_3220
3221,mdp_user_3221
3222,mdp_user_3222
3223,mdp_user_3223
3224,mdp_user_3224
3225,mdp_user_3225
3226,mdp_user_3226
3227,mdp_user_3227
3228,mdp_user_3228
3229,mdp_user_3229
3230,mdp_user_3230
3231,mdp_user_3231
3232,mdp_user_3232
3233,mdp_user_3233
3234,mdp_user_3234
3235,mdp_user_3235
3236,mdp_user_3236
3237,mdp_user_3237
3238,mdp_user_3238
3239,mdp_user_3239
3240,mdp_user_3240
3241,mdp_user_3241
3242,mdp_user_3242
3243,mdp_user_3243
3244,mdp_user_3244
3245,mdp_user_3245
3246,mdp_user_3246
3247,mdp_user_3247
3248,mdp_user_3248
3249,mdp_user_3249
3250,mdp_user_3250
3251,mdp_user_3251
3252,mdp_user_3252
3253,mdp_user_3253
3254,mdp_user_3254
3255,mdp_user_3255
3256,mdp_user_3256
3257,mdp_user_3257
3258,mdp_user_3258
3259,mdp_user_3259
3260,mdp_user_3260
3261,mdp_user_3261
3262,mdp_user_3262
3263,mdp_user_3263
3264,mdp_user_3264
3265,mdp_user_3265
3266,mdp_user_3266
3267,mdp_user_3267
3268,mdp_user_3268
3269,mdp_user_3269
3270,mdp_user_3270
3271,mdp_user_3271
3272,mdp_user_3272
3273,mdp_user_3273
3274,mdp_user_3274
3275,mdp_user_3275
3276,mdp_user_3276
3277,mdp_user_3277
3278,mdp_user_3278
3279,mdp_user_3279
3280,mdp_user_3280
3281,mdp_user_3281
3282,mdp_user_3282
3283,mdp_user_3283
3284,mdp_user_3284
3285,mdp_user_3285
3286,mdp_user_3286
3287,mdp_user_3287
3288,mdp_user_3288
3289,mdp_user_3289
3290,mdp_user_3290
3291,mdp_user_3291
3292,mdp_user_3292
3293,mdp_user_3293
3294,mdp_user_3294
3295,mdp_user_3295
3296,mdp_user_3296
3297,mdp_user_3297
3298,mdp_user_3298
3299,mdp_user_3299
3300,mdp_user_3300
3301,mdp_user_3301
3302,mdp_user_3302
3303,mdp_user_3303
3304,mdp_user_3304
3305,mdp_user_3305
3306,mdp_user_3306
3307,mdp_user_3307
3308,mdp_user_3308
3309,mdp_user_3309
3310,mdp_user_3310
3311,mdp_user_3311
3312,mdp_user_3312
3313,mdp_user_3313
3314,mdp_user_3314
3315,mdp_user_3315
3316,mdp_user_3316
3317,mdp_user_3317
3318,mdp_user_3318
3319,mdp_user_3319
3320,mdp_user_3320
3321,mdp_user_3321
3322,mdp_user_3322
3323,mdp_user_3323
3324,mdp_user_3324
3325,mdp_user_3325
3326,mdp_user_3326
3327,mdp_user_3327
3328,mdp_user_3328
3329,mdp_user_3329
3330,mdp_user_3330
3331,mdp_user_3331
3332,mdp_user_3332
3333,mdp_user_3333
3334,mdp_user_3334
3335,mdp_user_3335
3336,mdp_user_3336
3337,mdp_user_3337
3338,mdp_user_3338
3339,mdp_user_3339
3340,mdp_user_3340
3341,mdp_user_3341
3342,mdp_user_3342
3343,mdp_user_3343
3344,mdp_user_3344
3345,mdp_user_3345
3346,mdp_user_3346
3347,mdp_user_3347
3348,mdp_user_3348
3349,mdp_user_3349
3350,mdp_user_3350
3351,mdp_user_3351
3352,mdp_user_3352
3353,mdp_user_3353
3354,mdp_user_3354
3355,mdp_user_3355
3356,mdp_user_3356
3357,mdp_user_3357
3358,mdp_user_3358
3359,mdp_user_3359
3360,mdp_user_3360
3361,mdp_user_3361
3362,mdp_user_3362
3363,mdp_user_3363
3364,mdp_user_3364
3365,mdp_user_3365
3366,mdp_user_3366
3367,mdp_user_3367
3368,mdp_user_3368
3369,mdp_user_3369
3370,mdp_user_3370
3371,mdp_user_3371
3372,mdp_user_3372
3373,mdp_user_3373
3374,mdp_user_3374
3375,mdp_user_3375
3376,mdp_user_3376
3377,mdp_user_3377
3378,mdp_user_3378
3379,mdp_user_3379
3380,mdp_user_3380
3381,mdp_user_3381
3382,mdp_user_3382
3383,mdp_user_3383
3384,mdp_user_3384
3385,mdp_user_3385
3386,mdp_user_3386
3387,mdp_user_3387
3388,mdp_user_3388
3389,mdp_user_3389
3390,mdp_user_3390
3391,mdp_user_3391
3392,mdp_user_3392
3393,mdp_user_3393
3394,mdp_user_3394
3395,mdp_user_3395
3396,mdp_user_3396
3397,mdp_user_3397
3398,mdp_user_3398
3399,mdp_user_3399
3400,mdp_user_3400
3401,mdp_user_3401
3402,mdp_user_3402
3403,mdp_user_3403
3404,mdp_user_3404
3405,mdp_user_3405
3406,mdp_user_3406
3407,mdp_user_3407
3408,mdp_user_3408
3409,mdp_user_3409
3410,mdp_user_3410
3411,mdp_user_3411
3412,mdp_user_3412
3413,mdp_user_3413
3414,mdp_user_3414
3415,mdp_user_3415
3416,mdp_user_3416
3417,mdp_user_3417
3418,mdp_user_3418
3419,mdp_user_3419
3420,mdp_user_3420
3421,mdp_user_3421
3422,mdp_user_3422
3423,mdp_user_3423
3424,mdp_user_3424
3425,mdp_user_3425
3426,mdp_user_3426
3427,mdp_user_3427
3428,mdp_user_3428
3429,mdp_user_3429
3430,mdp_user_3430
3431,mdp_user_3431
3432,mdp_user_3432
3433,mdp_user_3433
3434,mdp_user_3434
3435,mdp_user_3435
3436,mdp_user_3436
3437,mdp_user_3437
3438,mdp_user_3438
3439,mdp_user_3439
3440,mdp_user_3440
3441,mdp_user_3441
3442,mdp_user_3442
3443,mdp_user_3443
3444,mdp_user_3444
3445,mdp_user_3445
3446,mdp_user_3446
3447,mdp_user_3447
3448,mdp_user_3448
3449,mdp_user_3449
3450,mdp_user_3450
3451,mdp_user_3451
3452,mdp_user_3452
3453,mdp_user_3453
3454,mdp_user_3454
3455,mdp_user_3455
3456,mdp_user_3456
3457,mdp_user_3457
3458,mdp_user_3458
3459,mdp_user_3459
3460,mdp_user_3460
3461,mdp_user_3461
3462,mdp_user_3462
3463,mdp_user_3463
3464,mdp_user_3464
3465,mdp_user_3465
3466,mdp_user_3466
3467,mdp_user_3467
3468,mdp_user_3468
3469,mdp_user_3469
3470,mdp_user_3470
3471,mdp_user_3471
3472,mdp_user_3472
3473,mdp_user_3473
3474,mdp_user_3474
3475,mdp_user_3475
3476,mdp_user_3476
3477,mdp_user_3477
3478,mdp_user_3478
3479,mdp_user_3479
3480,mdp_user_3480
3481,mdp_user_3481
3482,mdp_user_3482
3483,mdp_user_3483
3484,mdp_user_3484
3485,mdp_user_3485
3486,mdp_user_3486
3487,mdp_user_3487
3488,mdp_user_3488
3489,mdp_user_3489
3490,mdp_user_3490
3491,mdp_user_3491
3492,mdp_user_3492
3493,mdp_user_3493
3494,mdp_user_3494
3495,mdp_user_3495
3496,mdp_user_3496
3497,mdp_user_3497
3498,mdp_user_3498
3499,mdp_user_3499
3500,mdp_user_3500
3501,mdp_user_3501
3502,mdp_user_3502
3503,mdp_user_3503
3504,mdp_user_3504
3505,mdp_user_3505
3506,mdp_user_3506
3507,mdp_user_3507
3508,mdp_user_3508
3509,mdp_user_3509
3510,mdp_user_3510
3511,mdp_user_3511
3512,mdp_user_3512
3513,mdp_user_3513
3514,mdp_user_3514
3515,mdp_user_3515
3516,mdp_user_3516
3517,mdp_user_3517
3518,mdp_user_3518
3519,mdp_user_3519
3520,mdp_user_3520
3521,mdp_user_3521
3522,mdp_user_3522
3523,mdp_user_3523
3524,mdp_user_3524
3525,mdp_user_3525
3526,mdp_user_3526
3527,mdp_user_3527
3528,mdp_user_3528
3529,mdp_user_3529
3530,mdp_user_3530
3531,mdp_user_3531
3532,mdp_user_3532
3533,mdp_user_3533
3534,mdp_user_3534
3535,mdp_user_3535
3536,mdp_user_3536
3537,mdp_user_3537
3538,mdp_user_3538
3539,mdp_user_3539
3540,mdp_user_3540
3541,mdp_user_3541
3542,mdp_user_3542
3543,mdp_user_3543
3544,mdp_user_3544
3545,mdp_user_3545
3546,mdp_user_3546
3547,mdp_user_3547
3548,mdp_user_3548
3549,mdp_user_3549
3550,mdp_user_3550
3551,mdp_user_3551
3552,mdp_user_3552
3553,mdp_user_3553
3554,mdp_user_3554
3555,mdp_user_3555
3556,mdp_user_3556
3557,mdp_user_3557
3558,mdp_user_3558
3559,mdp_user_3559
3560,mdp_user_3560
3561,mdp_user_3561
3562,mdp_user_3562
3563,mdp_user_3563
3564,mdp_user_3564
3565,mdp_user_3565
3566,mdp_user_3566
3567,mdp_user_3567
3568,mdp_user_3568
3569,mdp_user_3569
3570,mdp_user_3570
3571,mdp_user_3571
3572,mdp_user_3572
3573,mdp_user_3573
3574,mdp_user_3574
3575,mdp_user_3575
3576,mdp_user_3576
3577,mdp_user_3577
3578,mdp_user_3578
3579,mdp_user_3579
3580,mdp_user_3580
3581,mdp_user_3581
3582,mdp_user_3582
3583,mdp_user_3583
3584,mdp_user_3584
3585,mdp_user_3585
3586,mdp_user_3586
3587,mdp_user_3587
3588,mdp_user_3588
3589,mdp_user_3589
3590,mdp_user_3590
3591,mdp_user_3591
3592,mdp_user_3592
3593,mdp_user_3593
3594,mdp_user_3594
3595,mdp_user_3595
3596,mdp_user_3596
3597,mdp_user_3597
3598,mdp_user_3598
3599,mdp_user_3599
3600,mdp_user_3600
3601,mdp_user_3601
3602,mdp_user_3602
3603,mdp_user_3603
3604,mdp_user_3604
3605,mdp_user_3605
3606,mdp_user_3606
3607,mdp_user_3607
3608,mdp_user_3608
3609,mdp_user_3609
3610,mdp_user_3610
3611,mdp_user_3611
3612,mdp_user_3612
3613,mdp_user_3613
3614,mdp_user_3614
3615,mdp_user_3615
3616,mdp_user_3616
3617,mdp_user_3617
3618,mdp_user_3618
3619,mdp_user_3619
3620,mdp_user_3620
3621,mdp_user_3621
3622,mdp_user_3622
3623,mdp_user_3623
3624,mdp_user_3624
3625,mdp_user_3625
3626,mdp_user_3626
3627,mdp_user_3627
3628,mdp_user_3628
3629,mdp_user_3629
3630,mdp_user_3630
3631,mdp_user_3631
3632,mdp_user_3632
3633,mdp_user_3633
3634,mdp_user_3634
3635,mdp_user_3635
3636,mdp_user_3636
3637,mdp_user_3637
3638,mdp_user_3638
3639,mdp_user_3639
3640,mdp_user_3640
3641,mdp_user_3641
3642,mdp_user_3642
3643,mdp_user_3643
3644,mdp_user_3644
3645,mdp_user_3645
3646,mdp_user_3646
3647,mdp_user_3647
3648,mdp_user_3648
3649,mdp_user_3649
3650,mdp_user_3650
3651,mdp_user_3651
3652,mdp_user_3652
3653,mdp_user_3653
3654,mdp_user_3654
3655,mdp_user_3655
3656,mdp_user_3656
3657,mdp_user_3657
3658,mdp_user_3658
3659,mdp_user_3659
3660,mdp_user_3660
3661,mdp_user_3661
3662,mdp_user_3662
3663,mdp_user_3663
3664,mdp_user_3664
3665,mdp_user_3665
3666,mdp_user_3666
3667,mdp_user_3667
3668,mdp_user_3668
3669,mdp_user_3669
3670,mdp_user_3670
3671,mdp_user_3671
3672,mdp_user_3672
3673,mdp_user_3673
3674,mdp_user_3674
3675,mdp_user_3675
3676,mdp_user_3676
3677,mdp_user_3677
3678,mdp_user_3678
3679,mdp_user_3679
3680,mdp_user_3680
3681,mdp_user_3681
3682,mdp_user_3682
3683,mdp_user_3683
3684,mdp_user_3684
3685,mdp_user_3685
3686,mdp_user_3686
3687,mdp_user_3687
3688,mdp_user_3688
3689,mdp_user_3689
3690,mdp_user_3690
3691,mdp_user_3691
3692,mdp_user_3692
3693,mdp_user_3693
3694,mdp_user_3694
3695,mdp_user_3695
3696,mdp_user_3696
3697,mdp_user_3697
3698,mdp_user_3698
3699,mdp_user_3699
3700,mdp_user_3700
3701,mdp_user_3701
3702,mdp_user_3702
3703,mdp_user_3703
3704,mdp_user_3704
3705,mdp_user_3705
3706,mdp_user_3706
3707,mdp_user_3707
3708,mdp_user_3708
3709,mdp_user_3709
3710,mdp_user_3710
3711,mdp_user_3711
3712,mdp_user_3712
3713,mdp_user_3713
3714,mdp_user_3714
3715,mdp_user_3715
3716,mdp_user_3716
3717,mdp_user_3717
3718,mdp_user_3718
3719,mdp_user_3719
3720,mdp_user_3720
3721,mdp_user_3721
3722,mdp_user_3722
3723,mdp_user_3723
3724,mdp_user_3724
3725,mdp_user_3725
3726,mdp_user_3726
3727,mdp_user_3727
3728,mdp_user_3728
3729,mdp_user_3729
3730,mdp_user_3730
3731,mdp_user_3731
3732,mdp_user_3732
3733,mdp_user_3733
3734,mdp_user_3734
3735,mdp_user_3735
3736,mdp_user_3736
3737,mdp_user_3737
3738,mdp_user_3738
3739,mdp_user_3739
3740,mdp_user_3740
3741,mdp_user_3741
3742,mdp_user_3742
3743,mdp_user_3743
3744,mdp_user_3744
3745,mdp_user_3745
3746,mdp_user_3746
3747,mdp_user_3747
3748,mdp_user_3748
3749,mdp_user_3749
3750,mdp_user_3750
3751,mdp_user_3751
3752,mdp_user_3752
3753,mdp_user_3753
3754,mdp_user_3754
3755,mdp_user_3755
3756,mdp_user_3756
3757,mdp_user_3757
3758,mdp_user_3758
3759,mdp_user_3759
3760,mdp_user_3760
3761,mdp_user_3761
3762,mdp_user_3762
3763,mdp_user_3763
3764,mdp_user_3764
3765,mdp_user_3765
3766,mdp_user_3766
3767,mdp_user_3767
3768,mdp_user_3768
3769,mdp_user_3769
3770,mdp_user_3770
3771,mdp_user_3771
3772,mdp_user_3772
3773,mdp_user_3773
3774,mdp_user_3774
3775,mdp_user_3775
3776,mdp_user_3776
3777,mdp_user_3777
3778,mdp_user_3778
3779,mdp_user_3779
3780,mdp_user_3780
3781,mdp_user_3781
3782,mdp_user_3782
3783,mdp_user_3783
3784,mdp_user_3784
3785,mdp_user_3785
3786,mdp_user_3786
3787,mdp_user_3787
3788,mdp_user_3788
3789,mdp_user_3789
3790,mdp_user_3790
3791,mdp_user_3791
3792,mdp_user_3792
3793,mdp_user_3793
3794,mdp_user_3794
3795,mdp_user_3795
3796,mdp_user_3796
3797,mdp_user_3797
3798,mdp_user_3798
3799,mdp_user_3799
3800,mdp_user_3800
3801,mdp_user_3801
3802,mdp_user_3802
3803,mdp_user_3803
3804,mdp_user_3804
3805,mdp_user_3805
3806,mdp_user_3806
3807,mdp_user_3807
3808,mdp_user_3808
3809,mdp_user_3809
3810,mdp_user_3810
3811,mdp_user_3811
3812,mdp_user_3812
3813,mdp_user_3813
3814,mdp_user_3814
3815,mdp_user_3815
3816,mdp_user_3816
3817,mdp_user_3817
3818,mdp_user_3818
3819,mdp_user_3819
3820,mdp_user_3820
3821,mdp_user_3821
3822,mdp_user_3822
3823,mdp_user_3823
3824,mdp_user_3824
3825,mdp_user_3825
3826,mdp_user_3826
3827,mdp_user_3827
3828,mdp_user_3828
3829,mdp_user_3829
3830,mdp_user_3830
3831,mdp_user_3831
3832,mdp_user_3832
3833,mdp_user_3833
3834,mdp_user_3834
3835,mdp_user_3835
3836,mdp_user_3836
3837,mdp_user_3837
3838,mdp_user_3838
3839,mdp_user_3839
3840,mdp_user_3840
3841,mdp_user_3841
3842,mdp_user_3842
3843,mdp_user_3843
3844,mdp_user_3844
3845,mdp_user_3845
3846,mdp_user_3846
3847,mdp_user_3847
3848,mdp_user_3848
3849,mdp_user_3849
3850,mdp_user_3850
3851,mdp_user_3851
3852,mdp_user_3852
3853,mdp_user_3853
3854,mdp_user_3854
3855,mdp_user_3855
3856,mdp_user_3856
3857,mdp_user_3857
3858,mdp_user_3858
3859,mdp_user_3859
3860,mdp_user_3860
3861,mdp_user_3861
3862,mdp_user_3862
3863,mdp_user_3863
3864,mdp_user_3864
3865,mdp_user_3865
3866,mdp_user_3866
3867,mdp_user_3867
3868,mdp_user_3868
3869,mdp_user_3869
3870,mdp_user_3870
3871,mdp_user_3871
3872,mdp_user_3872
3873,mdp_user_3873
3874,mdp_user_3874
3875,mdp_user_3875
3876,mdp_user_3876
3877,mdp_user_3877
3878,mdp_user_3878
3879,mdp_user_3879
3880,mdp_user_3880
3881,mdp_user_3881
3882,mdp_user_3882
3883,mdp_user_3883
3884,mdp_user_3884
3885,mdp_user_3885
3886,mdp_user_3886
3887,mdp_user_3887
3888,mdp_user_3888
3889,mdp_user_3889
3890,mdp_user_3890
3891,mdp_user_3891
3892,mdp_user_3892
3893,mdp_user_3893
3894,mdp_user_3894
3895,mdp_user_3895
3896,mdp_user_3896
3897,mdp_user_3897
3898,mdp_user_3898
3899,mdp_user_3899
3900,mdp_user_3900
3901,mdp_user_3901
3902,mdp_user_3902
3903,mdp_user_3903
3904,mdp_user_3904
3905,mdp_user_3905
3906,mdp_user_3906
3907,mdp_user_3907
3908,mdp_user_3908
3909,mdp_user_3909
3910,mdp_user_3910
3911,mdp_user_3911
3912,mdp_user_3912
3913,mdp_user_3913
3914,mdp_user_3914
3915,mdp_user_3915
3916,mdp_user_3916
3917,mdp_user_3917
3918,mdp_user_3918
3919,mdp_user_3919
3920,mdp_user_3920
3921,mdp_user_3921
3922,mdp_user_3922
3923,mdp_user_3923
3924,mdp_user_3924
3925,mdp_user_3925
3926,mdp_user_3926
3927,mdp_user_3927
3928,mdp_user_3928
3929,mdp_user_3929
3930,mdp_user_3930
3931,mdp_user_3931
3932,mdp_user_3932
3933,mdp_user_3933
3934,mdp_user_3934
3935,mdp_user_3935
3936,mdp_user_3936
3937,mdp_user_3937
3938,mdp_user_3938
3939,mdp_user_3939
3940,mdp_user_3940
3941,mdp_user_3941
3942,mdp_user_3942
3943,mdp_user_3943
3944,mdp_user_3944
3945,mdp_user_3945
3946,mdp_user_3946
3947,mdp_user_3947
3948,mdp_user_3948
3949,mdp_user_3949
3950,mdp_user_3950
3951,mdp_user_3951
3952,mdp_user_3952
3953,mdp_user_3953
3954,mdp_user_3954
3955,mdp_user_3955
3956,mdp_user_3956
3957,mdp_user_3957
3958,mdp_user_3958
3959,mdp_user_3959
3960,mdp_user_3960
3961,mdp_user_3961
3962,mdp_user_3962
3963,mdp_user_3963
3964,mdp_user_3964
3965,mdp_user_3965
3966,mdp_user_3966
3967,mdp_user_3967
3968,mdp_user_3968
3969,mdp_user_3969
3970,mdp_user_3970
3971,mdp_user_3971
3972,mdp_user_3972
3973,mdp_user_3973
3974,mdp_user_3974
3975,mdp_user_3975
3976,mdp_user_3976
3977,mdp_user_3977
3978,mdp_user_3978
3979,mdp_user_3979
3980,mdp_user_3980
3981,mdp_user_3981
3982,mdp_user_3982
3983,mdp_user_3983
3984,mdp_user_3984
3985,mdp_user_3985
3986,mdp_user_3986
3987,mdp_user_3987
3988,mdp_user_3988
3989,mdp_user_3989
3990,mdp_user_3990
3991,mdp_user_3991
3992,mdp_user_3992
3993,mdp_user_3993
3994,mdp_user_3994
3995,mdp_user_3995
3996,mdp_user_3996
3997,mdp_user_3997
3998,mdp_user_3998
3999,mdp_user_3999
4000,mdp_user_4000
4001,mdp_user_4001
4002,mdp_user_4002
4003,mdp_user_4003
4004,mdp_user_4004
4005,mdp_user_4005
4006,mdp_user_4006
4007,mdp_user_4007
4008,mdp_user_4008
4009,mdp_user_4009
4010,mdp_user_4010
4011,mdp_user_4011
4012,mdp_user_4012
4013,mdp_user_4013
4014,mdp_user_4014
4015,mdp_user_4015
4016,mdp_user_4016
4017,mdp_user_4017
4018,mdp_user_4018
4019,mdp_user_4019
4020,mdp_user_4020
4021,mdp_user_4021
4022,mdp_user_4022
4023,mdp_user_4023
4024,mdp_user_4024
4025,mdp_user_4025
4026,mdp_user_4026
4027,mdp_user_4027
4028,mdp_user_4028
4029,mdp_user_4029
4030,mdp_user_4030
4031,mdp_user_4031
4032,mdp_user_4032
4033,mdp_user_4033
4034,mdp_user_4034
4035,mdp_user_4035
4036,mdp_user_4036
4037,mdp_user_4037
4038,mdp_user_4038
4039,mdp_user_4039
4040,mdp_user_4040
4041,mdp_user_4041
4042,mdp_user_4042
4043,mdp_user_4043
4044,mdp_user_4044
4045,mdp_user_4045
4046,mdp_user_4046
4047,mdp_user_4047
4048,mdp_user_4048
4049,mdp_user_4049
4050,mdp_user_4050
4051,mdp_user_4051
4052,mdp_user_4052
4053,mdp_user_4053
4054,mdp_user_4054
4055,mdp_user_4055
4056,mdp_user_4056
4057,mdp_user_4057
4058,mdp_user_4058
4059,mdp_user_4059
4060,mdp_user_4060
4061,mdp_user_4061
4062,mdp_user_4062
4063,mdp_user_4063
4064,mdp_user_4064
4065,mdp_user_4065
4066,mdp_user_4066
4067,mdp_user_4067
4068,mdp_user_4068
4069,mdp_user_4069
4070,mdp_user_4070
4071,mdp_user_4071
4072,mdp_user_4072
4073,mdp_user_4073
4074,mdp_user_4074
4075,mdp_user_4075
4076,mdp_user_4076
4077,mdp_user_4077
4078,mdp_user_4078
4079,mdp_user_4079
4080,mdp_user_4080
4081,mdp_user_4081
4082,mdp_user_4082
4083,mdp_user_4083
4084,mdp_user_4084
4085,mdp_user_4085
4086,mdp_user_4086
4087,mdp_user_4087
4088,mdp_user_4088
4089,mdp_user_4089
4090,mdp_user_4090
4091,mdp_user_4091
4092,mdp_user_4092
4093,mdp_user_4093
4094,mdp_user_4094
4095,mdp_user_4095
4096,mdp_user_4096
4097,mdp_user_4097
4098,mdp_user_4098
4099,mdp_user_4099
4100,mdp_user_4100
4101,mdp_user_4101
4102,mdp_user_4102
4103,mdp_user_4103
4104,mdp_user_4104
4105,mdp_user_4105
4106,mdp_user_4106
4107,mdp_user_4107
4108,mdp_user_4108
4109,mdp_user_4109
4110,mdp_user_4110
4111,mdp_user_4111
4112,mdp_user_4112
4113,mdp_user_4113
4114,mdp_user_4114
4115,mdp_user_4115
4116,mdp_user_4116
4117,mdp_user_4117
4118,mdp_user_4118
4119,mdp_user_4119
4120,mdp_user_4120
4121,mdp_user_4121
4122,mdp_user_4122
4123,mdp_user_4123
4124,mdp_user_4124
4125,mdp_user_4125
4126,mdp_user_4126
4127,mdp_user_4127
4128,mdp_user_4128
4129,mdp_user_4129
4130,mdp_user_4130
4131,mdp_user_4131
4132,mdp_user_4132
4133,mdp_user_4133
4134,mdp_user_4134
4135,mdp_user_4135
4136,mdp_user_4136
4137,mdp_user_4137
4138,mdp_user_4138
4139,mdp_user_4139
4140,mdp_user_4140
4141,mdp_user_4141
4142,mdp_user_4142
4143,mdp_user_4143
4144,mdp_user_4144
4145,mdp_user_4145
4146,mdp_user_4146
4147,mdp_user_4147
4148,mdp_user_4148
4149,mdp_user_4149
4150,mdp_user_4150
4151,mdp_user_4151
4152,mdp_user_4152
4153,mdp_user_4153
4154,mdp_user_4154
4155,mdp_user_4155
4156,mdp_user_4156
4157,mdp_user_4157
4158,mdp_user_4158
4159,mdp_user_4159
4160,mdp_user_4160
4161,mdp_user_4161
4162,mdp_user_4162
4163,mdp_user_4163
4164,mdp_user_4164
4165,mdp_user_4165
4166,mdp_user_4166
4167,mdp_user_4167
4168,mdp_user_4168
4169,mdp_user_4169
4170,mdp_user_4170
4171,mdp_user_4171
4172,mdp_user_4172
4173,mdp_user_4173
4174,mdp_user_4174
4175,mdp_user_4175
4176,mdp_user_4176
4177,mdp_user_4177
4178,mdp_user_4178
4179,mdp_user_4179
4180,mdp_user_4180
4181,mdp_user_4181
4182,mdp_user_4182
4183,mdp_user_4183
4184,mdp_user_4184
4185,mdp_user_4185
4186,mdp_user_4186
4187,mdp_user_4187
4188,mdp_user_4188
4189,mdp_user_4189
4190,mdp_user_4190
4191,mdp_user_4191
4192,mdp_user_4192
4193,mdp_user_4193
4194,mdp_user_4194
4195,mdp_user_4195
4196,mdp_user_4196
4197,mdp_user_4197
4198,mdp_user_4198
4199,mdp_user_4199
4200,mdp_user_4200
4201,mdp_user_4201
4202,mdp_user_4202
4203,mdp_user_4203
4204,mdp_user_4204
4205,mdp_user_4205
4206,mdp_user_4206
4207,mdp_user_4207
4208,mdp_user_4208
4209,mdp_user_4209
4210,mdp_user_4210
4211,mdp_user_4211
4212,mdp_user_4212
4213,mdp_user_4213
4214,mdp_user_4214
4215,mdp_user_4215
4216,mdp_user_4216
4217,mdp_user_4217
4218,mdp_user_4218
4219,mdp_user_4219
4220,mdp_user_4220
4221,mdp_user_4221
4222,mdp_user_4222
4223,mdp_user_4223
4224,mdp_user_4224
4225,mdp_user_4225
4226,mdp_user_4226
4227,mdp_user_4227
4228,mdp_user_4228
4229,mdp_user_4229
4230,mdp_user_4230
4231,mdp_user_4231
4232,mdp_user_4232
4233,mdp_user_4233
4234,mdp_user_4234
4235,mdp_user_4235
4236,mdp_user_4236
4237,mdp_user_4237
4238,mdp_user_4238
4239,mdp_user_4239
4240,mdp_user_4240
4241,mdp_user_4241
4242,mdp_user_4242
4243,mdp_user_4243
4244,mdp_user_4244
4245,mdp_user_4245
4246,mdp_user_4246
4247,mdp_user_4247
4248,mdp_user_4248
4249,mdp_user_4249
4250,mdp_user_4250
4251,mdp_user_4251
4252,mdp_user_4252
4253,mdp_user_4253
4254,mdp_user_4254
4255,mdp_user_4255
4256,mdp_user_4256
4257,mdp_user_4257
4258,mdp_user_4258
4259,mdp_user_4259
4260,mdp_user_4260
4261,mdp_user_4261
4262,mdp_user_4262
4263,mdp_user_4263
4264,mdp_user_4264
4265,mdp_user_4265
4266,mdp_user_4266
4267,mdp_user_4267
4268,mdp_user_4268
4269,mdp_user_4269
4270,mdp_user_4270
4271,mdp_user_4271
4272,mdp_user_4272
4273,mdp_user_4273
4274,mdp_user_4274
4275,mdp_user_4275
4276,mdp_user_4276
4277,mdp_user_4277
4278,mdp_user_4278
4279,mdp_user_4279
4280,mdp_user_4280
4281,mdp_user_4281
4282,mdp_user_4282
4283,mdp_user_4283
4284,mdp_user_4284
4285,mdp_user_4285
4286,mdp_user_4286
4287,mdp_user_4287
4288,mdp_user_4288
4289,mdp_user_4289
4290,mdp_user_4290
4291,mdp_user_4291
4292,mdp_user_4292
4293,mdp_user_4293
4294,mdp_user_4294
4295,mdp_user_4295
4296,mdp_user_4296
4297,mdp_user_4297
4298,mdp_user_4298
4299,mdp_user_4299
4300,mdp_user_4300
4301,mdp_user_4301
4302,mdp_user_4302
4303,mdp_user_4303
4304,mdp_user_4304
4305,mdp_user_4305
4306,mdp_user_4306
4307,mdp_user_4307
4308,mdp_user_4308
4309,mdp_user_4309
4310,mdp_user_4310
4311,mdp_user_4311
4312,mdp_user_4312
4313,mdp_user_4313
4314,mdp_user_4314
4315,mdp_user_4315
4316,mdp_user_4316
4317,mdp_user_4317
4318,mdp_user_4318
4319,mdp_user_4319
4320,mdp_user_4320
4321,mdp_user_4321
4322,mdp_user_4322
4323,mdp_user_4323
4324,mdp_user_4324
4325,mdp_user_4325
4326,mdp_user_4326
4327,mdp_user_4327
4328,mdp_user_4328
4329,mdp_user_4329
4330,mdp_user_4330
4331,mdp_user_4331
4332,mdp_user_4332
4333,mdp_user_4333
4334,mdp_user_4334
4335,mdp_user_4335
4336,mdp_user_4336
4337,mdp_user_4337
4338,mdp_user_4338
4339,mdp_user_4339
4340,mdp_user_4340
4341,mdp_user_4341
4342,mdp_user_4342
4343,mdp_user_4343
4344,mdp_user_4344
4345,mdp_user_4345
4346,mdp_user_4346
4347,mdp_user_4347
4348,mdp_user_4348
4349,mdp_user_4349
4350,mdp_user_4350
4351,mdp_user_4351
4352,mdp_user_4352
4353,mdp_user_4353
4354,mdp_user_4354
4355,mdp_user_4355
4356,mdp_user_4356
4357,mdp_user_4357
4358,mdp_user_4358
4359,mdp_user_4359
4360,mdp_user_4360
4361,mdp_user_4361
4362,mdp_user_4362
4363,mdp_user_4363
4364,mdp_user_4364
4365,mdp_user_4365
4366,mdp_user_4366
4367,mdp_user_4367
4368,mdp_user_4368
4369,mdp_user_4369
4370,mdp_user_4370
4371,mdp_user_4371
4372,mdp_user_4372
4373,mdp_user_4373
4374,mdp_user_4374
4375,mdp_user_4375
4376,mdp_user_4376
4377,mdp_user_4377
4378,mdp_user_4378
4379,mdp_user_4379
4380,mdp_user_4380
4381,mdp_user_4381
4382,mdp_user_4382
4383,mdp_user_4383
4384,mdp_user_4384
4385,mdp_user_4385
4386,mdp_user_4386
4387,mdp_user_4387
4388,mdp_user_4388
4389,mdp_user_4389
4390,mdp_user_4390
4391,mdp_user_4391
4392,mdp_user_4392
4393,mdp_user_4393
4394,mdp_user_4394
4395,mdp_user_4395
4396,mdp_user_4396
4397,mdp_user_4397
4398,mdp_user_4398
4399,mdp_user_4399
4400,mdp_user_4400
4401,mdp_user_4401
4402,mdp_user_4402
4403,mdp_user_4403
4404,mdp_user_4404
4405,mdp_user_4405
4406,mdp_user_4406
4407,mdp_user_4407
4408,mdp_user_4408
4409,mdp_user_4409
4410,mdp_user_4410
4411,mdp_user_4411
4412,mdp_user_4412
4413,mdp_user_4413
4414,mdp_user_4414
4415,mdp_user_4415
4416,mdp_user_4416
4417,mdp_user_4417
4418,mdp_user_4418
4419,mdp_user_4419
4420,mdp_user_4420
4421,mdp_user_4421
4422,mdp_user_4422
4423,mdp_user_4423
4424,mdp_user_4424
4425,mdp_user_4425
4426,mdp_user_4426
4427,mdp_user_4427
4428,mdp_user_4428
4429,mdp_user_4429
4430,mdp_user_4430
4431,mdp_user_4431
4432,mdp_user_4432
4433,mdp_user_4433
4434,mdp_user_4434
4435,mdp_user_4435
4436,mdp_user_4436
4437,mdp_user_4437
4438,mdp_user_4438
4439,mdp_user_4439
4440,mdp_user_4440
4441,mdp_user_4441
4442,mdp_user_4442
4443,mdp_user_4443
4444,mdp_user_4444
4445,mdp_user_4445
4446,mdp_user_4446
4447,mdp_user_4447
4448,mdp_user_4448
4449,mdp_user_4449
4450,mdp_user_4450
4451,mdp_user_4451
4452,mdp_user_4452
4453,mdp_user_4453
4454,mdp_user_4454
4455,mdp_user_4455
4456,mdp_user_4456
4457,mdp_user_4457
4458,mdp_user_4458
4459,mdp_user_4459
4460,mdp_user_4460
4461,mdp_user_4461
4462,mdp_user_4462
4463,mdp_user_4463
4464,mdp_user_4464
4465,mdp_user_4465
4466,mdp_user_4466
4467,mdp_user_4467
4468,mdp_user_4468
4469,mdp_user_4469
4470,mdp_user_4470
4471,mdp_user_4471
4472,mdp_user_4472
4473,mdp_user_4473
4474,mdp_user_4474
4475,mdp_user_4475
4476,mdp_user_4476
4477,mdp_user_4477
4478,mdp_user_4478
4479,mdp_user_4479
4480,mdp_user_4480
4481,mdp_user_4481
4482,mdp_user_4482
4483,mdp_user_4483
4484,mdp_user_4484
4485,mdp_user_4485
4486,mdp_user_4486
4487,mdp_user_4487
4488,mdp_user_4488
4489,mdp_user_4489
4490,mdp_user_4490
4491,mdp_user_4491
4492,mdp_user_4492
4493,mdp_user_4493
4494,mdp_user_4494
4495,mdp_user_4495
4496,mdp_user_4496
4497,mdp_user_4497
4498,mdp_user_4498
4499,mdp_user_4499
4500,mdp_user_4500
4501,mdp_user_4501
4502,mdp_user_4502
4503,mdp_user_4503
4504,mdp_user_4504
4505,mdp_user_4505
4506,mdp_user_4506
4507,mdp_user_4507
4508,mdp_user_4508
4509,mdp_user_4509
4510,mdp_user_4510
4511,mdp_user_4511
4512,mdp_user_4512
4513,mdp_user_4513
4514,mdp_user_4514
4515,mdp_user_4515
4516,mdp_user_4516
4517,mdp_user_4517
4518,mdp_user_4518
4519,mdp_user_4519
4520,mdp_user_4520
4521,mdp_user_4521
4522,mdp_user_4522
4523,mdp_user_4523
4524,mdp_user_4524
4525,mdp_user_4525
4526,mdp_user_4526
4527,mdp_user_4527
4528,mdp_user_4528
4529,mdp_user_4529
4530,mdp_user_4530
4531,mdp_user_4531
4532,mdp_user_4532
4533,mdp_user_4533
4534,mdp_user_4534
4535,mdp_user_4535
4536,mdp_user_4536
4537,mdp_user_4537
4538,mdp_user_4538
4539,mdp_user_4539
4540,mdp_user_4540
4541,mdp_user_4541
4542,mdp_user_4542
4543,mdp_user_4543
4544,mdp_user_4544
4545,mdp_user_4545
4546,mdp_user_4546
4547,mdp_user_4547
4548,mdp_user_4548
4549,mdp_user_4549
4550,mdp_user_4550
4551,mdp_user_4551
4552,mdp_user_4552
4553,mdp_user_4553
4554,mdp_user_4554
4555,mdp_user_4555
4556,mdp_user_4556
4557,mdp_user_4557
4558,mdp_user_4558
4559,mdp_user_4559
4560,mdp_user_4560
4561,mdp_user_4561
4562,mdp_user_4562
4563,mdp_user_4563
4564,mdp_user_4564
4565,mdp_user_4565
4566,mdp_user_4566
4567,mdp_user_4567
4568,mdp_user_4568
4569,mdp_user_4569
4570,mdp_user_4570
4571,mdp_user_4571
4572,mdp_user_4572
4573,mdp_user_4573
4574,mdp_user_4574
4575,mdp_user_4575
4576,mdp_user_4576
4577,mdp_user_4577
4578,mdp_user_4578
4579,mdp_user_4579
4580,mdp_user_4580
4581,mdp_user_4581
4582,mdp_user_4582
4583,mdp_user_4583
4584,mdp_user_4584
4585,mdp_user_4585
4586,mdp_user_4586
4587,mdp_user_4587
4588,mdp_user_4588
4589,mdp_user_4589
4590,mdp_user_4590
4591,mdp_user_4591
4592,mdp_user_4592
4593,mdp_user_4593
4594,mdp_user_4594
4595,mdp_user_4595
4596,mdp_user_4596
4597,mdp_user_4597
4598,mdp_user_4598
4599,mdp_user_4599
4600,mdp_user_4600
4601,mdp_user_4601
4602,mdp_user_4602
4603,mdp_user_4603
4604,mdp_user_4604
4605,mdp_user_4605
4606,mdp_user_4606
4607,mdp_user_4607
4608,mdp_user_4608
4609,mdp_user_4609
4610,mdp_user_4610
4611,mdp_user_4611
4612,mdp_user_4612
4613,mdp_user_4613
4614,mdp_user_4614
4615,mdp_user_4615
4616,mdp_user_4616
4617,mdp_user_4617
4618,mdp_user_4618
4619,mdp_user_4619
4620,mdp_user_4620
4621,mdp_user_4621
4622,mdp_user_4622
4623,mdp_user_4623
4624,mdp_user_4624
4625,mdp_user_4625
4626,mdp_user_4626
4627,mdp_user_4627
4628,mdp_user_4628
4629,mdp_user_4629
4630,mdp_user_4630
4631,mdp_user_4631
4632,mdp_user_4632
4633,mdp_user_4633
4634,mdp_user_4634
4635,mdp_user_4635
4636,mdp_user_4636
4637,mdp_user_4637
4638,mdp_user_4638
4639,mdp_user_4639
4640,mdp_user_4640
4641,mdp_user_4641
4642,mdp_user_4642
4643,mdp_user_4643
4644,mdp_user_4644
4645,mdp_user_4645
4646,mdp_user_4646
4647,mdp_user_4647
4648,mdp_user_4648
4649,mdp_user_4649
4650,mdp_user_4650
4651,mdp_user_4651
4652,mdp_user_4652
4653,mdp_user_4653
4654,mdp_user_4654
4655,mdp_user_4655
4656,mdp_user_4656
4657,mdp_user_4657
4658,mdp_user_4658
4659,mdp_user_4659
4660,mdp_user_4660
4661,mdp_user_4661
4662,mdp_user_4662
4663,mdp_user_4663
4664,mdp_user_4664
4665,mdp_user_4665
4666,mdp_user_4666
4667,mdp_user_4667
4668,mdp_user_4668
4669,mdp_user_4669
4670,mdp_user_4670
4671,mdp_user_4671
4672,mdp_user_4672
4673,mdp_user_4673
4674,mdp_user_4674
4675,mdp_user_4675
4676,mdp_user_4676
4677,mdp_user_4677
4678,mdp_user_4678
4679,mdp_user_4679
4680,mdp_user_4680
4681,mdp_user_4681
4682,mdp_user_4682
4683,mdp_user_4683
4684,mdp_user_4684
4685,mdp_user_4685
4686,mdp_user_4686
4687,mdp_user_4687
4688,mdp_user_4688
4689,mdp_user_4689
4690,mdp_user_4690
4691,mdp_user_4691
4692,mdp_user_4692
4693,mdp_user_4693
4694,mdp_user_4694
4695,mdp_user_4695
4696,mdp_user_4696
4697,mdp_user_4697
4698,mdp_user_4698
4699,mdp_user_4699
4700,mdp_user_4700
4701,mdp_user_4701
4702,mdp_user_4702
4703,mdp_user_4703
4704,mdp_user_4704
4705,mdp_user_4705
4706,mdp_user_4706
4707,mdp_user_4707
4708,mdp_user_4708
4709,mdp_user_4709
4710,mdp_user_4710
4711,mdp_user_4711
4712,mdp_user_4712
4713,mdp_user_4713
4714,mdp_user_4714
4715,mdp_user_4715
4716,mdp_user_4716
4717,mdp_user_4717
4718,mdp_user_4718
4719,mdp_user_4719
4720,mdp_user_4720
4721,mdp_user_4721
4722,mdp_user_4722
4723,mdp_user_4723
4724,mdp_user_4724
4725,mdp_user_4725
4726,mdp_user_4726
4727,mdp_user_4727
4728,mdp_user_4728
4729,mdp_user_4729
4730,mdp_user_4730
4731,mdp_user_4731
4732,mdp_user_4732
4733,mdp_user_4733
4734,mdp_user_4734
4735,mdp_user_4735
4736,mdp_user_4736
4737,mdp_user_4737
4738,mdp_user_4738
4739,mdp_user_4739
4740,mdp_user_4740
4741,mdp_user_4741
4742,mdp_user_4742
4743,mdp_user_4743
4744,mdp_user_4744
4745,mdp_user_4745
4746,mdp_user_4746
4747,mdp_user_4747
4748,mdp_user_4748
4749,mdp_user_4749
4750,mdp_user_4750
4751,mdp_user_4751
4752,mdp_user_4752
4753,mdp_user_4753
4754,mdp_user_4754
4755,mdp_user_4755
4756,mdp_user_4756
4757,mdp_user_4757
4758,mdp_user_4758
4759,mdp_user_4759
4760,mdp_user_4760
4761,mdp_user_4761
4762,mdp_user_4762
4763,mdp_user_4763
4764,mdp_user_4764
4765,mdp_user_4765
4766,mdp_user_4766
4767,mdp_user_4767
4768,mdp_user_4768
4769,mdp_user_4769
4770,mdp_user_4770
4771,mdp_user_4771
4772,mdp_user_4772
4773,mdp_user_4773
4774,mdp_user_4774
4775,mdp_user_4775
4776,mdp_user_4776
4777,mdp_user_4777
4778,mdp_user_4778
4779,mdp_user_4779
4780,mdp_user_4780
4781,mdp_user_4781
4782,mdp_user_4782
4783,mdp_user_4783
4784,mdp_user_4784
4785,mdp_user_4785
4786,mdp_user_4786
4787,mdp_user_4787
4788,mdp_user_4788
4789,mdp_user_4789
4790,mdp_user_4790
4791,mdp_user_4791
4792,mdp_user_4792
4793,mdp_user_4793
4794,mdp_user_4794
4795,mdp_user_4795
4796,mdp_user_4796
4797,mdp_user_4797
4798,mdp_user_4798
4799,mdp_user_4799
4800,mdp_user_4800
4801,mdp_user_4801
4802,mdp_user_4802
4803,mdp_user_4803
4804,mdp_user_4804
4805,mdp_user_4805
4806,mdp_user_4806
4807,mdp_user_4807
4808,mdp_user_4808
4809,mdp_user_4809
4810,mdp_user_4810
4811,mdp_user_4811
4812,mdp_user_4812
4813,mdp_user_4813
4814,mdp_user_4814
4815,mdp_user_4815
4816,mdp_user_4816
4817,mdp_user_4817
4818,mdp_user_4818
4819,mdp_user_4819
4820,mdp_user_4820
4821,mdp_user_4821
4822,mdp_user_4822
4823,mdp_user_4823
4824,mdp_user_4824
4825,mdp_user_4825
4826,mdp_user_4826
4827,mdp_user_4827
4828,mdp_user_4828
4829,mdp_user_4829
4830,mdp_user_4830
4831,mdp_user_4831
4832,mdp_user_4832
4833,mdp_user_4833
4834,mdp_user_4834
4835,mdp_user_4835
4836,mdp_user_4836
4837,mdp_user_4837
4838,mdp_user_4838
4839,mdp_user_4839
4840,mdp_user_4840
4841,mdp_user_4841
4842,mdp_user_4842
4843,mdp_user_4843
4844,mdp_user_4844
4845,mdp_user_4845
4846,mdp_user_4846
4847,mdp_user_4847
4848,mdp_user_4848
4849,mdp_user_4849
4850,mdp_user_4850
4851,mdp_user_4851
4852,mdp_user_4852
4853,mdp_user_4853
4854,mdp_user_4854
4855,mdp_user_4855
4856,mdp_user_4856
4857,mdp_user_4857
4858,mdp_user_4858
4859,mdp_user_4859
4860,mdp_user_4860
4861,mdp_user_4861
4862,mdp_user_4862
4863,mdp_user_4863
4864,mdp_user_4864
4865,mdp_user_4865
4866,mdp_user_4866
4867,mdp_user_4867
4868,mdp_user_4868
4869,mdp_user_4869
4870,mdp_user_4870
4871,mdp_user_4871
4872,mdp_user_4872
4873,mdp_user_4873
4874,mdp_user_4874
4875,mdp_user_4875
4876,mdp_user_4876
4877,mdp_user_4877
4878,mdp_user_4878
4879,mdp_user_4879
4880,mdp_user_4880
4881,mdp_user_4881
4882,mdp_user_4882
4883,mdp_user_4883
4884,mdp_user_4884
4885,mdp_user_4885
4886,mdp_user_4886
4887,mdp_user_4887
4888,mdp_user_4888
4889,mdp_user_4889
4890,mdp_user_4890
4891,mdp_user_4891
4892,mdp_user_4892
4893,mdp_user_4893
4894,mdp_user_4894
4895,mdp_user_4895
4896,mdp_user_4896
4897,mdp_user_4897
4898,mdp_user_4898
4899,mdp_user_4899
4900,mdp_user_4900
4901,mdp_user_4901
4902,mdp_user_4902
4903,mdp_user_4903
4904,mdp_user_4904
4905,mdp_user_4905
4906,mdp_user_4906
4907,mdp_user_4907
4908,mdp_user_4908
4909,mdp_user_4909
4910,mdp_user_4910
4911,mdp_user_4911
4912,mdp_user_4912
4913,mdp_user_4913
4914,mdp_user_4914
4915,mdp_user_4915
4916,mdp_user_4916
4917,mdp_user_4917
4918,mdp_user_4918
4919,mdp_user_4919
4920,mdp_user_4920
4921,mdp_user_4921
4922,mdp_user_4922
4923,mdp_user_4923
4924,mdp_user_4924
4925,mdp_user_4925
4926,mdp_user_4926
4927,mdp_user_4927
4928,mdp_user_4928
4929,mdp_user_4929
4930,mdp_user_4930
4931,mdp_user_4931
4932,mdp_user_4932
4933,mdp_user_4933
4934,mdp_user_4934
4935,mdp_user_4935
4936,mdp_user_4936
4937,mdp_user_4937
4938,mdp_user_4938
4939,mdp_user_4939
4940,mdp_user_4940
4941,mdp_user_4941
4942,mdp_user_4942
4943,mdp_user_4943
4944,mdp_user_4944
4945,mdp_user_4945
4946,mdp_user_4946
4947,mdp_user_4947
4948,mdp_user_4948
4949,mdp_user_4949
4950,mdp_user_4950
4951,mdp_user_4951
4952,mdp_user_4952
4953,mdp_user_4953
4954,mdp_user_4954
4955,mdp_user_4955
4956,mdp_user_4956
4957,mdp_user_4957
4958,mdp_user_4958
4959,mdp_user_4959
4960,mdp_user_4960
4961,mdp_user_4961
4962,mdp_user_4962
4963,mdp_user_4963
4964,mdp_user_4964
4965,mdp_user_4965
4966,mdp_user_4966
4967,mdp_user_4967
4968,mdp_user_4968
4969,mdp_user_4969
4970,mdp_user_4970
4971,mdp_user_4971
4972,mdp_user_4972
4973,mdp_user_4973
4974,mdp_user_4974
4975,mdp_user_4975
4976,mdp_user_4976
4977,mdp_user_4977
4978,mdp_user_4978
4979,mdp_user_4979
4980,mdp_user_4980
4981,mdp_user_4981
4982,mdp_user_4982
4983,mdp_user_4983
4984,mdp_user_4984
4985,mdp_user_4985
4986,mdp_user_4986
4987,mdp_user_4987
4988,mdp_user_4988
4989,mdp_user_4989
4990,mdp_user_4990
4991,mdp_user_4991
4992,mdp_user_4992
4993,mdp_user_4993
4994,mdp_user_4994
4995,mdp_user_4995
4996,mdp_user_4996
4997,mdp_user_4997
4998,mdp_user_4998
4999,mdp_user_4999
